,file_name,tier_name,text,clean_text,start_time,end_time
0,../transcriptions_annotations/r5/r5.TextGrid,B-utts,<laughter/>,,723.134586892,726.83944448
1,../transcriptions_annotations/r5/r5.TextGrid,B-utts,{X Eijeijeijei},,726.934662782,727.627159528
2,../transcriptions_annotations/r5/r5.TextGrid,B-utts,{F ähm},,738.649839171,739.342335916
3,../transcriptions_annotations/r5/r5.TextGrid,B-utts,Ich würde das gerne kombinieren . in einem Zimmer .. dass ich <v='ein'>'n</v> Schlafzimmer und Arbeitszimmer .. habe,Ich würde das gerne kombinieren in einem Zimmer dass ich 'n Schlafzimmer und Arbeitszimmer habe,740.510924174,746.121810402
4,../transcriptions_annotations/r5/r5.TextGrid,B-utts,{F Ähm},,756.121394754,756.471607344
5,../transcriptions_annotations/r5/r5.TextGrid,B-utts,(In deinem Schla + {F äh} in deinem Schlafzimmer),In deinem Schla in deinem Schlafzimmer,756.471607344,758.597070619
6,../transcriptions_annotations/r5/r5.TextGrid,B-utts,Ja,Ja,758.70960134,759.047193503
7,../transcriptions_annotations/r5/r5.TextGrid,B-utts,Ja oder wir suchen uns . gleich was aus,Ja oder wir suchen uns gleich was aus,759.748346458,761.99896088
8,../transcriptions_annotations/r5/r5.TextGrid,B-utts,dass du zwei Zimmer bekommst,dass du zwei Zimmer bekommst,762.121810402,763.480835265
9,../transcriptions_annotations/r5/r5.TextGrid,B-utts,Nö <laughter/>,Nö,768.068626203,768.934247134
10,../transcriptions_annotations/r5/r5.TextGrid,B-utts,Wir können ja erstmal sagen was groß oder klein haben wollen und dann -,Wir können ja erstmal sagen was groß oder klein haben wollen und dann -,773.333264059,776.743810529
11,../transcriptions_annotations/r5/r5.TextGrid,B-utts,Wenn der Zeichner kommt .. <v='können'>könn'</v> <v='wir'>wa</v>  dann ja vielleicht die Quadratmeterzahlen festlegen,Wenn der Zeichner kommt könn' wa dann ja vielleicht die Quadratmeterzahlen festlegen,779.385616962,783.713721621
12,../transcriptions_annotations/r5/r5.TextGrid,B-utts,(<p='Dürfen'>Dürf-</p> + {ja} dürfen) wir <v='nicht'>nich</v> überschreiten das stimmt,Dürf- dürfen wir nich überschreiten das stimmt,786.433433938,788.43301829
13,../transcriptions_annotations/r5/r5.TextGrid,B-utts,{Also} ich hätte (vom + vom) {F äh} Grundsätzlichen her ... <v='eine'>'ne</v> etwas kleinere Küche . die aber {F ähm} ... nicht zu klein <v='ist'>is'</v> aber geräumig <v='ist'>is'</v>,ich hätte vom vom Grundsätzlichen her 'ne etwas kleinere Küche die aber nicht zu klein is' aber geräumig is',789.497732036,798.848100689
14,../transcriptions_annotations/r5/r5.TextGrid,B-utts,{F Äh:m},,800.769779157,801.304870253
15,../transcriptions_annotations/r5/r5.TextGrid,B-utts,Nee seperat,Nee seperat,801.304870253,802.27762217
16,../transcriptions_annotations/r5/r5.TextGrid,B-utts,aber dafür <v='ein'>'n</v> größeres Ess- und Wohnzimmer,aber dafür 'n größeres Ess- und Wohnzimmer,802.502683612,804.735985616
17,../transcriptions_annotations/r5/r5.TextGrid,B-utts,Mhm,Mhm,807.921470644,808.296900588
18,../transcriptions_annotations/r5/r5.TextGrid,B-utts,Genau,Genau,808.296900588,808.61396739
19,../transcriptions_annotations/r5/r5.TextGrid,B-utts,Ja,Ja,816.492780459,816.821716413
20,../transcriptions_annotations/r5/r5.TextGrid,B-utts,Kann man,Kann man,816.961878354,817.368720192
21,../transcriptions_annotations/r5/r5.TextGrid,B-utts,<v='Wäre'>Wär</v> ich mit einverstanden,Wär ich mit einverstanden,817.706312355,818.632526752
22,../transcriptions_annotations/r5/r5.TextGrid,B-utts,<laughter/>,,819.333679707,821.359232687
23,../transcriptions_annotations/r5/r5.TextGrid,B-utts,Ja das reicht aus,Ja das reicht aus,832.873653669,833.730618392
24,../transcriptions_annotations/r5/r5.TextGrid,B-utts,Das <v='finde'>find'</v> ich gut,Das find' ich gut,833.914061379,834.580589496
25,../transcriptions_annotations/r5/r5.TextGrid,B-utts,Ja,Ja,837.099546407,837.281326803
26,../transcriptions_annotations/r5/r5.TextGrid,B-utts,Sehr gerne,Sehr gerne,838.294103293,838.822132061
27,../transcriptions_annotations/r5/r5.TextGrid,B-utts,<laughter/>,,838.96063141,840.674560855
28,../transcriptions_annotations/r5/r5.TextGrid,B-utts,Ja,Ja,846.138291525,846.475890043
29,../transcriptions_annotations/r5/r5.TextGrid,B-utts,Großes Wohnzimmer <v='finde'>find'</v> ich gut,Großes Wohnzimmer find' ich gut,846.475890043,847.705065411
30,../transcriptions_annotations/r5/r5.TextGrid,B-utts,Ich <v='habe'>hab'</v> halt gerne das Schlafzimmer und mein Arbeitszimmer in einem,Ich hab' halt gerne das Schlafzimmer und mein Arbeitszimmer in einem,848.960215762,851.524116311
31,../transcriptions_annotations/r5/r5.TextGrid,B-utts,und <unclear/> dann häng ich auch gerne im Wohnzimmer rum,und dann häng ich auch gerne im Wohnzimmer rum,852.398393452,854.917350364
32,../transcriptions_annotations/r5/r5.TextGrid,B-utts,ja,ja,875.697240498,876.008864033
33,../transcriptions_annotations/r5/r5.TextGrid,B-utts,<unsure> so um Dreh </unsure>,so um Dreh,878.034417235,878.527821166
34,../transcriptions_annotations/r5/r5.TextGrid,B-utts,Ja,Ja,881.479588543,881.721962404
35,../transcriptions_annotations/r5/r5.TextGrid,B-utts,Mhm,Mhm,886.484540119,886.796163655
36,../transcriptions_annotations/r5/r5.TextGrid,B-utts,Vielleicht auch dreißig,Vielleicht auch dreißig,897.072746705,898.000000221
37,../transcriptions_annotations/r5/r5.TextGrid,B-utts,Zweihundert <v='haben'>ham</v> <v='wir'>wa</v>,Zweihundert ham wa,898.987431555,899.744999968
38,../transcriptions_annotations/r5/r5.TextGrid,B-utts,Ja doch das .. <v='finde'>find'</v> ich gut,Ja doch das find' ich gut,899.744999968,901.289983233
39,../transcriptions_annotations/r5/r5.TextGrid,B-utts,<laughter/>,,901.46310742,903.782971517
40,../transcriptions_annotations/r5/r5.TextGrid,B-utts,Mhm,Mhm,914.01793589,914.372840472
41,../transcriptions_annotations/r5/r5.TextGrid,B-utts,Zweihundert (<p='Quadratmeter'><m='Qua-'>Qur-</m></p> + {F  äh} Quadratmeter) <v='ist'>is'</v> <v='eine'>'ne</v> Menge,Zweihundert Qur- Quadratmeter is' 'ne Menge,923.80111501,925.852636618
42,../transcriptions_annotations/r5/r5.TextGrid,B-utts,Nö,Nö,933.601606548,934.034417013
43,../transcriptions_annotations/r5/r5.TextGrid,B-utts,Aber,Aber,934.354696758,934.96928762
44,../transcriptions_annotations/r5/r5.TextGrid,B-utts,So groß wie die Küche .. <v='könnte'>könnt'</v> ich mir vorstellen,So groß wie die Küche könnt' ich mir vorstellen,935.947439272,938.217028705
45,../transcriptions_annotations/r5/r5.TextGrid,B-utts,Badewanne,Badewanne,940.822547709,941.428482361
46,../transcriptions_annotations/r5/r5.TextGrid,B-utts,<laughter/>,,945.749593402,948.242581685
47,../transcriptions_annotations/r5/r5.TextGrid,B-utts,{X Oh ja} Fenster in Badezimmer,Fenster in Badezimmer,948.389737243,949.774730734
48,../transcriptions_annotations/r5/r5.TextGrid,B-utts,Mhm,Mhm,950.380665386,950.640351666
49,../transcriptions_annotations/r5/r5.TextGrid,B-utts,und {F ähm},und,954.27762217,955.134586892
50,../transcriptions_annotations/r5/r5.TextGrid,B-utts,Das Schlafzimmer welche Seite von der Himmelsrichtung her,Das Schlafzimmer welche Seite von der Himmelsrichtung her,956.56286143,959.133755597
51,../transcriptions_annotations/r5/r5.TextGrid,B-utts,Ich <v='hätte'>hätt'</v> gern Morgensonne,Ich hätt' gern Morgensonne,959.627159528,960.691873274
52,../transcriptions_annotations/r5/r5.TextGrid,B-utts,<laughter> Okay </laughter>,Okay,962.078529356,964.761954244
53,../transcriptions_annotations/r5/r5.TextGrid,B-utts,Morgens die Sonne zum Aufstehen und abends <v='in der'>inner</v> Küche <v='finde'>find'</v> ich ganz nett,Morgens die Sonne zum Aufstehen und abends inner Küche find' ich ganz nett,965.350576477,968.388905948
54,../transcriptions_annotations/r5/r5.TextGrid,B-utts,Vielleicht auch im Wohnzimmer,Vielleicht auch im Wohnzimmer,969.714968564,970.753713682
55,../transcriptions_annotations/r5/r5.TextGrid,B-utts,Ja das stimmt,Ja das stimmt,997.038952942,997.69682485
56,../transcriptions_annotations/r5/r5.TextGrid,B-utts,Dann {F ähm} -,Dann -,998.640351666,999.609847109
57,../transcriptions_annotations/r5/r5.TextGrid,B-utts,Den Flur müssen <v='wir'>wa</v> noch abziehen,Den Flur müssen wa noch abziehen,1000.44949941,1001.90374258
58,../transcriptions_annotations/r5/r5.TextGrid,B-utts,Da <v='würde'>würd'</v> ich mal auch schätzen ... vielleicht . sechzehn Quadratmeter um die ganzen Räume zu verbinden,Da würd' ich mal auch schätzen vielleicht sechzehn Quadratmeter um die ganzen Räume zu verbinden,1002.64118296,1008.35428111
59,../transcriptions_annotations/r5/r5.TextGrid,B-utts,Können <v='wir'>wa</v> grob zwanzig sagen,Können wa grob zwanzig sagen,1012.32914378,1013.66220001
60,../transcriptions_annotations/r5/r5.TextGrid,B-utts,{F Ähm},,1015.68775299,1016.24175039
61,../transcriptions_annotations/r5/r5.TextGrid,B-utts,Das Wohnzimmer hatten <v='wir'>wa</v> ungefähr dreißig,Das Wohnzimmer hatten wa ungefähr dreißig,1018.22568491,1020.00886403
62,../transcriptions_annotations/r5/r5.TextGrid,B-utts,<unclear/>,,1020.09542613,1020.7186732
63,../transcriptions_annotations/r5/r5.TextGrid,B-utts,Ja,Ja,1023.08181834,1023.59299063
64,../transcriptions_annotations/r5/r5.TextGrid,B-utts,Das <v='finde'>find'</v> ich auch gut machen <v='wir'>wa</v> fünfzig <v='daraus'>draus</v> <laughter/>,Das find' ich auch gut machen wa fünfzig draus,1023.59299063,1028.45033071
65,../transcriptions_annotations/r5/r5.TextGrid,B-utts,Genau,Genau,1028.79657908,1029.20342092
66,../transcriptions_annotations/r5/r5.TextGrid,B-utts,Mhm,Mhm,1030.58841441,1030.88272553
67,../transcriptions_annotations/r5/r5.TextGrid,B-utts,Mhm,Mhm,1037.59295034,1037.91323008
68,../transcriptions_annotations/r5/r5.TextGrid,B-utts,(Hast du + hast du ) noch Hobbies die du irgendwie ausleben möchtest und dafür Platz in der Wohnung brauchst?,Hast du hast du noch Hobbies die du irgendwie ausleben möchtest und dafür Platz in der Wohnung brauchst?,1044.6321111,1050.47671498
69,../transcriptions_annotations/r5/r5.TextGrid,B-utts,Dann,Dann,1051.28725843,1051.6972405
70,../transcriptions_annotations/r5/r5.TextGrid,B-utts,Nee <laughter/>,Nee,1051.92230194,1052.3989075
71,../transcriptions_annotations/r5/r5.TextGrid,B-utts,Schade,Schade,1052.3989075,1052.60778113
72,../transcriptions_annotations/r5/r5.TextGrid,B-utts,<laughter> Dann könnte man vielleicht noch <v='so einen'>so'n</v> </laughter> Kreativ-Raum einrichten,Dann könnte man vielleicht noch so'n Kreativ-Raum einrichten,1052.60778113,1056.38024974
73,../transcriptions_annotations/r5/r5.TextGrid,B-utts,Brauchst du nicht .. <unclear/>,Brauchst du nicht,1061.29863922,1062.4845399
74,../transcriptions_annotations/r5/r5.TextGrid,B-utts,<v='Einen'>'N</v> Stauraum,'N Stauraum,1067.40292938,1068.03483266
75,../transcriptions_annotations/r5/r5.TextGrid,B-utts,Ja,Ja,1068.5368928,1068.77926666
76,../transcriptions_annotations/r5/r5.TextGrid,B-utts,Ja,Ja,1073.60243784,1073.79233607
77,../transcriptions_annotations/r5/r5.TextGrid,B-utts,So <v='eine'>'ne</v> Abstellkammer,So 'ne Abstellkammer,1073.79233607,1074.72774505
78,../transcriptions_annotations/r5/r5.TextGrid,B-utts,Die kann dann so sechs Quadratmeter haben,Die kann dann so sechs Quadratmeter haben,1075.67992808,1077.85944225
79,../transcriptions_annotations/r5/r5.TextGrid,B-utts,Dann kann man da auch (gut +) ... gut <v='etwas'>'was</v> verstauen,Dann kann man da auch gut gut 'was verstauen,1078.05924036,1081.34108897
80,../transcriptions_annotations/r5/r5.TextGrid,B-utts,Mhm,Mhm,1089.62674388,1089.94702362
81,../transcriptions_annotations/r5/r5.TextGrid,B-utts,Das Wohnzimmer,Das Wohnzimmer,1120.17250071,1121.07274648
82,../transcriptions_annotations/r5/r5.TextGrid,B-utts,und dann die Küche muss ja <v='nicht'>nich</v> direkt am Flur verbunden sein,und dann die Küche muss ja nich direkt am Flur verbunden sein,1122.48537119,1125.47176341
83,../transcriptions_annotations/r5/r5.TextGrid,B-utts,Die kann man ja am Wohnzimmer mit anbauen,Die kann man ja am Wohnzimmer mit anbauen,1126.34604055,1128.86499746
84,../transcriptions_annotations/r5/r5.TextGrid,B-utts,Ja,Ja,1148.98701569,1149.25535817
85,../transcriptions_annotations/r5/r5.TextGrid,B-utts,(Das +) .. das gefällt mir,Das das gefällt mir,1149.70548106,1151.31553599
86,../transcriptions_annotations/r5/r5.TextGrid,B-utts,Genau,Genau,1153.41899486,1153.72196218
87,../transcriptions_annotations/r5/r5.TextGrid,B-utts,Ja,Ja,1161.68733735,1161.97299225
88,../transcriptions_annotations/r5/r5.TextGrid,B-utts,<v='Wenn es'>Wenn's</v> geht dann schön Gas,Wenn's geht dann schön Gas,1168.00803274,1169.66136872
89,../transcriptions_annotations/r5/r5.TextGrid,B-utts,Okay,Okay,1170.65849538,1171.00474375
90,../transcriptions_annotations/r5/r5.TextGrid,B-utts,<laughter/>,,1171.30771108,1173.59202367
91,../transcriptions_annotations/r5/r5.TextGrid,B-utts,<laughter> Sind sich die Hobby-Köche einig dass es Gas sein muss </laughter>,Sind sich die Hobby-Köche einig dass es Gas sein muss,1173.59202367,1176.07449684
92,../transcriptions_annotations/r5/r5.TextGrid,B-utts,<laughter> Okay </laughter>,Okay,1176.07449684,1176.58888317
93,../transcriptions_annotations/r5/r5.TextGrid,B-utts,<laughter> Dass es besser <v='ist'>is'</v> </laughter>,Dass es besser is',1176.58888317,1178.65849538
94,../transcriptions_annotations/r5/r5.TextGrid,B-utts,Mhm,Mhm,1194.6758078,1195.03936859
95,../transcriptions_annotations/r5/r5.TextGrid,B-utts,Ja das <v='ist'>is'</v> gut,Ja das is' gut,1197.21207713,1197.7327011
96,../transcriptions_annotations/r5/r5.TextGrid,B-utts,So <v='eine'>'ne</v> Festplatte mit der man dann . vom PC halt aus <v='darauf'>drauf</v> zugreifen kann . dass der Rechner -,So 'ne Festplatte mit der man dann vom PC halt aus drauf zugreifen kann dass der Rechner -,1197.7327011,1202.0
97,../transcriptions_annotations/r5/r5.TextGrid,B-utts,Ja,Ja,1208.10325104,1208.49278046
98,../transcriptions_annotations/r5/r5.TextGrid,B-utts,Und <v='ein'>'n</v> Soundsystem,Und 'n Soundsystem,1208.55337392,1209.62674388
99,../transcriptions_annotations/r5/r5.TextGrid,B-utts,ja,ja,1216.09459483,1216.48412425
100,../transcriptions_annotations/r5/r5.TextGrid,B-utts,Ja auf jeden Fall,Ja auf jeden Fall,1218.37284047,1218.96939615
101,../transcriptions_annotations/r5/r5.TextGrid,B-utts,{Also} <english>Sound</english> <v='wäre'>wär'</v> cool wenn das (im +) im Ess und . Wohnzimmer und in der Küche ... {F ähm} .. verbunden wäre,Sound wär' cool wenn das im im Ess und Wohnzimmer und in der Küche verbunden wäre,1218.96939615,1226.56327708
102,../transcriptions_annotations/r5/r5.TextGrid,B-utts,Mhm,Mhm,1228.18198822,1228.46868427
103,../transcriptions_annotations/r5/r5.TextGrid,B-utts,Genau,Genau,1228.46868427,1228.84851634
104,../transcriptions_annotations/r5/r5.TextGrid,B-utts,Es <v='wäre'>wär'</v> nett wenn man das dann in der Küche ausschalten kann . {F äh} beziehungsweise nur in der Küche anschalten kann,Es wär' nett wenn man das dann in der Küche ausschalten kann beziehungsweise nur in der Küche anschalten kann,1229.38520131,1233.88643016
105,../transcriptions_annotations/r5/r5.TextGrid,B-utts,Lässt sich alles machen,Lässt sich alles machen,1235.13458689,1235.96469007
106,../transcriptions_annotations/r5/r5.TextGrid,B-utts,Genau,Genau,1235.96469007,1236.23392548
107,../transcriptions_annotations/r5/r5.TextGrid,B-utts,<laughter> Ja </laughter>,Ja,1242.32090322,1245.75741832
108,../transcriptions_annotations/r5/r5.TextGrid,B-utts,Das weiß ich <v='nicht'>nich</v> wie teuer <v='so etwas'>sowas</v> <v='ist'>is'</v>,Das weiß ich nich wie teuer sowas is',1252.26855031,1253.67085622
109,../transcriptions_annotations/r5/r5.TextGrid,B-utts,<v='Eine'>'Ne</v> einfache Anlage die <v='so etwas'>sowas</v> ermöglicht <v='wäre'>wär'</v> schon ganz gut,'Ne einfache Anlage die sowas ermöglicht wär' schon ganz gut,1259.67127187,1262.0257608
110,../transcriptions_annotations/r5/r5.TextGrid,B-utts,Mhm,Mhm,1265.35840139,1265.59211904
111,../transcriptions_annotations/r5/r5.TextGrid,B-utts,{Achso},,1267.7924588,1268.20795685
112,../transcriptions_annotations/r5/r5.TextGrid,B-utts,Ja,Ja,1268.31183136,1268.59748627
113,../transcriptions_annotations/r5/r5.TextGrid,B-utts,Ja,Ja,1283.11727447,1283.43497915
114,../transcriptions_annotations/r5/r5.TextGrid,B-utts,<m='Die'>Diegen</m> <v='können'>könn'</v> <v='wir'>wa</v> uns schon leisten,Diegen könn' wa uns schon leisten,1283.43497915,1284.61479869
115,../transcriptions_annotations/r5/r5.TextGrid,B-utts,<v='Finde'>Find'</v> ich,Find' ich,1285.23804576,1285.64488759
116,../transcriptions_annotations/r5/r5.TextGrid,B-utts,Ansonsten <v='eine'>'ne</v> große Arbeitsfläche,Ansonsten 'ne große Arbeitsfläche,1288.28503144,1289.85180532
117,../transcriptions_annotations/r5/r5.TextGrid,B-utts,<v='Eine'>'Ne</v> einfache Kaffeemaschine bin ich mit zufrieden,'Ne einfache Kaffeemaschine bin ich mit zufrieden,1290.33821564,1292.50226796
118,../transcriptions_annotations/r5/r5.TextGrid,B-utts,Brauchen <v='wir'>wa</v> noch {F ähm} <v='eine'>'ne</v> Waschmaschine?,Brauchen wa noch 'ne Waschmaschine?,1295.11644318,1296.83902883
119,../transcriptions_annotations/r5/r5.TextGrid,B-utts,Oder <v='in den'>in'n</v> Abstellraum . wenn <v='wir'>wa</v> da Platz haben,Oder in'n Abstellraum wenn wa da Platz haben,1303.03853729,1305.09871511
120,../transcriptions_annotations/r5/r5.TextGrid,B-utts,Ich <v='würde'>würd'</v> <v='nicht'>nich</v> sagen,Ich würd' nich sagen,1307.19518036,1308.13870717
121,../transcriptions_annotations/r5/r5.TextGrid,B-utts,Da <v='haben'>ham</v> <v='wir'>wa</v> kein Platz für,Da ham wa kein Platz für,1309.03029673,1309.97382355
122,../transcriptions_annotations/r5/r5.TextGrid,B-utts,Mhm,Mhm,1311.91281444,1312.22443797
123,../transcriptions_annotations/r5/r5.TextGrid,B-utts,Mhm,Mhm,1318.25947846,1318.55378957
124,../transcriptions_annotations/r5/r5.TextGrid,B-utts,Ja,Ja,1324.28586273,1324.56286143
125,../transcriptions_annotations/r5/r5.TextGrid,B-utts,Ja,Ja,1325.09954641,1325.32460785
126,../transcriptions_annotations/r5/r5.TextGrid,B-utts,Wie groß war das Bad nochmal?,Wie groß war das Bad nochmal?,1327.83490855,1329.03812165
127,../transcriptions_annotations/r5/r5.TextGrid,B-utts,So wie die Küche,So wie die Küche,1331.17786794,1331.91364573
128,../transcriptions_annotations/r5/r5.TextGrid,B-utts,Mhm,Mhm,1335.70506541,1335.99937653
129,../transcriptions_annotations/r5/r5.TextGrid,B-utts,Ja dann <v='würde'>würd'</v> ich auch lieber ... die Waschmaschine <v='in den'>in'n</v> Keller stellen,Ja dann würd' ich auch lieber die Waschmaschine in'n Keller stellen,1336.86499746,1341.32460785
130,../transcriptions_annotations/r5/r5.TextGrid,B-utts,Das heißt dann zehn Quadratmeter an Keller . brauchen <v='wir'>wa</v> auch noch,Das heißt dann zehn Quadratmeter an Keller brauchen wa auch noch,1345.07274648,1348.19930064
131,../transcriptions_annotations/r5/r5.TextGrid,B-utts,Der muss auf jeden Fall dabei sein,Der muss auf jeden Fall dabei sein,1351.10778697,1352.86499746
132,../transcriptions_annotations/r5/r5.TextGrid,B-utts,<laughter/>,,1360.84768504,1363.9742392
133,../transcriptions_annotations/r5/r5.TextGrid,B-utts,Mhm,Mhm,1375.40209809,1375.75700267
134,../transcriptions_annotations/r5/r5.TextGrid,B-utts,Dafür <v='eine'>'ne</v> breite Sitzfläche <v='finde'>find'</v> ich ganz gut,Dafür 'ne breite Sitzfläche find' ich ganz gut,1379.30771135,1382.22666202
135,../transcriptions_annotations/r5/r5.TextGrid,B-utts,Ja,Ja,1382.22666202,1382.52782121
136,../transcriptions_annotations/r5/r5.TextGrid,B-utts,Ja,Ja,1386.22568518,1386.45074663
137,../transcriptions_annotations/r5/r5.TextGrid,B-utts,Ja,Ja,1387.27308651,1387.45486691
138,../transcriptions_annotations/r5/r5.TextGrid,B-utts,Vielleicht so auch zum Ausklappen (dass + {F äh}) dass man wirklich {F äh} <v='eine'>'ne</v> große Fläche hat,Vielleicht so auch zum Ausklappen dass dass man wirklich 'ne große Fläche hat,1389.66220028,1393.28049578
139,../transcriptions_annotations/r5/r5.TextGrid,B-utts,Mhm,Mhm,1407.31553626,1407.63581601
140,../transcriptions_annotations/r5/r5.TextGrid,B-utts,Ja,Ja,1408.20712582,1408.50143694
141,../transcriptions_annotations/r5/r5.TextGrid,B-utts,Ich <v='habe'>hab'</v> grade auch über den Tisch nachgedacht,Ich hab' grade auch über den Tisch nachgedacht,1410.32090349,1412.13870744
142,../transcriptions_annotations/r5/r5.TextGrid,B-utts,{F ähm},,1413.44579505,1414.03441728
143,../transcriptions_annotations/r5/r5.TextGrid,B-utts,Vielleicht <v='einen'>'n</v> . eckigen massiven . dunkle:n Holztisch,Vielleicht 'n eckigen massiven dunklen Holztisch,1414.47588396,1419.03071265
144,../transcriptions_annotations/r5/r5.TextGrid,B-utts,Eiche <v='finde'>find'</v> ich auch ziemlich gut vom Muster her,Eiche find' ich auch ziemlich gut vom Muster her,1421.3072957,1423.29822384
145,../transcriptions_annotations/r5/r5.TextGrid,B-utts,Das könnten <v='wir'>wa</v> dann auch  -,Das könnten wa dann auch -,1423.56656633,1424.49407893
146,../transcriptions_annotations/r5/r5.TextGrid,B-utts,{F äh},,1424.49407893,1424.76665155
147,../transcriptions_annotations/r5/r5.TextGrid,B-utts,Regale Vitrine Tisch .. vielleicht die Stühle,Regale Vitrine Tisch vielleicht die Stühle,1425.23465361,1427.79245907
148,../transcriptions_annotations/r5/r5.TextGrid,B-utts,in <v='einem'>'nem</v> ähnlichen .. Ton,in 'nem ähnlichen Ton,1430.46722775,1432.08593889
149,../transcriptions_annotations/r5/r5.TextGrid,B-utts,Ja,Ja,1435.59336626,1435.87902116
150,../transcriptions_annotations/r5/r5.TextGrid,B-utts,<laughter/>,,1436.03483293,1438.19022905
151,../transcriptions_annotations/r5/r5.TextGrid,B-utts,Kicker <v='finde'>find'</v> ich gut,Kicker find' ich gut,1445.22938982,1446.03441728
152,../transcriptions_annotations/r5/r5.TextGrid,B-utts,Mhm,Mhm,1448.38025001,1448.70052975
153,../transcriptions_annotations/r5/r5.TextGrid,B-utts,Ja den .. viereckigen Massivholz,Ja den viereckigen Massivholz,1451.88767737,1454.32007219
154,../transcriptions_annotations/r5/r5.TextGrid,B-utts,Den <v='würde'>würd'</v> ich als Esstisch nutzen wollen,Den würd' ich als Esstisch nutzen wollen,1454.86541338,1456.52740557
155,../transcriptions_annotations/r5/r5.TextGrid,B-utts,Ja,Ja,1462.25947872,1462.77885128
156,../transcriptions_annotations/r5/r5.TextGrid,B-utts,Ja,Ja,1463.22897417,1463.58387875
157,../transcriptions_annotations/r5/r5.TextGrid,B-utts,{Also} vorm Fernseher dann <v='etwas'>'was</v> Niedriges ... (ans +) ans Sofa,vorm Fernseher dann 'was Niedriges ans ans Sofa,1463.6271598,1467.74917802
158,../transcriptions_annotations/r5/r5.TextGrid,B-utts,und {F ähm},und,1468.76195451,1469.62757544
159,../transcriptions_annotations/r5/r5.TextGrid,B-utts,dann,dann,1469.91323035,1470.39797807
160,../transcriptions_annotations/r5/r5.TextGrid,B-utts,in die andere Seite vom Raum .. vielleicht ... den Esstisch,in die andere Seite vom Raum vielleicht den Esstisch,1470.62303952,1474.80565121
161,../transcriptions_annotations/r5/r5.TextGrid,B-utts,Mhm,Mhm,1480.76112322,1481.12468401
162,../transcriptions_annotations/r5/r5.TextGrid,B-utts,Mhm,Mhm,1489.7755623,1490.10449825
163,../transcriptions_annotations/r5/r5.TextGrid,B-utts,Wohnzimmer <v='finde'>find'</v> ich ganz nett,Wohnzimmer find' ich ganz nett,1491.52411658,1492.67539242
164,../transcriptions_annotations/r5/r5.TextGrid,B-utts,<laughter/>,,1495.53194149,1498.72774532
165,../transcriptions_annotations/r5/r5.TextGrid,B-utts,All die Sachen die man <v='braucht'>brauch'</v>,All die Sachen die man brauch',1513.4985636,1514.53730872
166,../transcriptions_annotations/r5/r5.TextGrid,B-utts,Ich <v='hätte'>hätt'</v> gern zwei Schreibtische,Ich hätt' gern zwei Schreibtische,1514.87490088,1516.1906447
167,../transcriptions_annotations/r5/r5.TextGrid,B-utts,Ja,Ja,1517.41982642,1517.74010617
168,../transcriptions_annotations/r5/r5.TextGrid,B-utts,Ich {F äh} <v='bastele'>bastel</v> so gerne,Ich bastel so gerne,1518.94331926,1520.3715938
169,../transcriptions_annotations/r5/r5.TextGrid,B-utts,Ich bin .. Hobby-Bastler,Ich bin Hobby-Bastler,1520.77843564,1522.44209042
170,../transcriptions_annotations/r5/r5.TextGrid,B-utts,Eigentlich <v='bräuchte'>bräucht'</v> ich <v='eine'>'ne</v> Werkstatt,Eigentlich bräucht' ich 'ne Werkstatt,1523.22980546,1524.62345516
171,../transcriptions_annotations/r5/r5.TextGrid,B-utts,aber am Schreibtisch kann ich auch (viel +) . viel machen <laughter/>,aber am Schreibtisch kann ich auch viel viel machen,1525.16879635,1527.79162777
172,../transcriptions_annotations/r5/r5.TextGrid,B-utts,{F ähm},,1532.90045386,1533.61026303
173,../transcriptions_annotations/r5/r5.TextGrid,B-utts,Ja ich <v='glaube'>glaub'</v> das lohnt sich <v='nicht'>,Ja ich glaub' das lohnt sich,1534.96928789,1536.28503171
174,../transcriptions_annotations/r5/r5.TextGrid,B-utts,<v='Das'>Des</v> verbraucht sehr viel Platz,Des verbraucht sehr viel Platz,1537.8707806,1539.51546037
175,../transcriptions_annotations/r5/r5.TextGrid,B-utts,und dann {F äh} ... die ganzen . Werkzeuge da <v='hinein'>rein</v>,und dann die ganzen Werkzeuge da rein,1539.85305253,1543.88684608
176,../transcriptions_annotations/r5/r5.TextGrid,B-utts,Nee,Nee,1544.26771929,1544.62262387
177,../transcriptions_annotations/r5/r5.TextGrid,B-utts,Genau,Genau,1552.1898134,1552.57068661
178,../transcriptions_annotations/r5/r5.TextGrid,B-utts,{Ach} letztens <v='war es'>war's</v> <v='eine'>'ne</v> Seifenblasen-Maschine <laughter/>,letztens war's 'ne Seifenblasen-Maschine,1557.88726172,1562.99608781
179,../transcriptions_annotations/r5/r5.TextGrid,B-utts,Ja,Ja,1566.7961637,1567.23853309
180,../transcriptions_annotations/r5/r5.TextGrid,B-utts,Elektrisch mechanisch,Elektrisch mechanisch,1567.23853309,1568.57068661
181,../transcriptions_annotations/r5/r5.TextGrid,B-utts,Das wird dann .. soweit kombiniert,Das wird dann soweit kombiniert,1569.12468401,1570.97011918
182,../transcriptions_annotations/r5/r5.TextGrid,B-utts,Alles was mir <v='in den'>in'n</v> Kopf kommt,Alles was mir in'n Kopf kommt,1571.84439633,1572.84851661
183,../transcriptions_annotations/r5/r5.TextGrid,B-utts,Die funktioniert ja,Die funktioniert ja,1575.85222124,1576.67456112
184,../transcriptions_annotations/r5/r5.TextGrid,B-utts,<laughter/>,,1576.8390291,1579.45486691
185,../transcriptions_annotations/r5/r5.TextGrid,B-utts,Ja,Ja,1587.40292965,1587.74052181
186,../transcriptions_annotations/r5/r5.TextGrid,B-utts,<laughter/>,,1591.21166175,1591.45403561
187,../transcriptions_annotations/r5/r5.TextGrid,B-utts,Uns werden dann Ideen kommen .. beim Einrichten,Uns werden dann Ideen kommen beim Einrichten,1595.96558326,1598.63169573
188,../transcriptions_annotations/r5/r5.TextGrid,B-utts,Jo,Jo,1602.31266265,1602.61562998
189,../transcriptions_annotations/r5/r5.TextGrid,B-utts,Da <v='ist'>is'</v> schnell Geld weg,Da is' schnell Geld weg,1614.48495555,1615.89231173
190,../transcriptions_annotations/r5/r5.TextGrid,B-utts,Ja,Ja,1615.89231173,1616.12097911
191,../transcriptions_annotations/r5/r5.TextGrid,B-turns,B,B,723.134586892,727.627159528
192,../transcriptions_annotations/r5/r5.TextGrid,B-turns,B,B,738.649839171,746.121810402
193,../transcriptions_annotations/r5/r5.TextGrid,B-turns,B,B,756.121394754,763.480835265
194,../transcriptions_annotations/r5/r5.TextGrid,B-turns,B,B,768.068626203,768.934247134
195,../transcriptions_annotations/r5/r5.TextGrid,B-turns,B,B,773.333264059,776.743810529
196,../transcriptions_annotations/r5/r5.TextGrid,B-turns,B,B,779.385616962,783.713721621
197,../transcriptions_annotations/r5/r5.TextGrid,B-turns,B,B,786.433433938,798.848100689
198,../transcriptions_annotations/r5/r5.TextGrid,B-turns,B,B,800.769779157,804.735985616
199,../transcriptions_annotations/r5/r5.TextGrid,B-turns,B,B,807.921470644,808.61396739
200,../transcriptions_annotations/r5/r5.TextGrid,B-turns,B,B,816.492780459,821.359232687
201,../transcriptions_annotations/r5/r5.TextGrid,B-turns,B,B,832.873653669,834.580589496
202,../transcriptions_annotations/r5/r5.TextGrid,B-turns,B,B,837.099546407,840.674560855
203,../transcriptions_annotations/r5/r5.TextGrid,B-turns,B,B,846.138291525,854.917350364
204,../transcriptions_annotations/r5/r5.TextGrid,B-turns,B,B,875.697240498,876.008864033
205,../transcriptions_annotations/r5/r5.TextGrid,B-turns,B,B,878.034417235,878.527821166
206,../transcriptions_annotations/r5/r5.TextGrid,B-turns,B,B,881.479588543,881.721962404
207,../transcriptions_annotations/r5/r5.TextGrid,B-turns,B,B,886.484540119,886.796163655
208,../transcriptions_annotations/r5/r5.TextGrid,B-turns,B,B,897.072746705,903.782971517
209,../transcriptions_annotations/r5/r5.TextGrid,B-turns,B,B,914.01793589,914.372840472
210,../transcriptions_annotations/r5/r5.TextGrid,B-turns,B,B,923.80111501,925.852636618
211,../transcriptions_annotations/r5/r5.TextGrid,B-turns,B,B,933.601606548,938.217028705
212,../transcriptions_annotations/r5/r5.TextGrid,B-turns,B,B,940.822547709,941.428482361
213,../transcriptions_annotations/r5/r5.TextGrid,B-turns,B,B,945.749593402,950.640351666
214,../transcriptions_annotations/r5/r5.TextGrid,B-turns,B,B,954.27762217,970.753713682
215,../transcriptions_annotations/r5/r5.TextGrid,B-turns,B,B,997.038952942,1008.35428111
216,../transcriptions_annotations/r5/r5.TextGrid,B-turns,B,B,1012.32914378,1013.66220001
217,../transcriptions_annotations/r5/r5.TextGrid,B-turns,B,B,1015.68775299,1016.24175039
218,../transcriptions_annotations/r5/r5.TextGrid,B-turns,B,B,1018.22568491,1020.7186732
219,../transcriptions_annotations/r5/r5.TextGrid,B-turns,B,B,1023.08181834,1030.88272553
220,../transcriptions_annotations/r5/r5.TextGrid,B-turns,B,B,1037.59295034,1037.91323008
221,../transcriptions_annotations/r5/r5.TextGrid,B-turns,B,B,1044.6321111,1056.38024974
222,../transcriptions_annotations/r5/r5.TextGrid,B-turns,B,B,1061.29863922,1062.4845399
223,../transcriptions_annotations/r5/r5.TextGrid,B-turns,B,B,1067.40292938,1068.77926666
224,../transcriptions_annotations/r5/r5.TextGrid,B-turns,B,B,1073.60243784,1081.34108897
225,../transcriptions_annotations/r5/r5.TextGrid,B-turns,B,B,1089.62674388,1089.94702362
226,../transcriptions_annotations/r5/r5.TextGrid,B-turns,B,B,1120.17250071,1128.86499746
227,../transcriptions_annotations/r5/r5.TextGrid,B-turns,B,B,1148.98701569,1151.31553599
228,../transcriptions_annotations/r5/r5.TextGrid,B-turns,B,B,1153.41899486,1153.72196218
229,../transcriptions_annotations/r5/r5.TextGrid,B-turns,B,B,1161.68733735,1161.97299225
230,../transcriptions_annotations/r5/r5.TextGrid,B-turns,B,B,1168.00803274,1178.65849538
231,../transcriptions_annotations/r5/r5.TextGrid,B-turns,B,B,1194.6758078,1195.03936859
232,../transcriptions_annotations/r5/r5.TextGrid,B-turns,B,B,1197.21207713,1202.0
233,../transcriptions_annotations/r5/r5.TextGrid,B-turns,B,B,1208.10325104,1209.62674388
234,../transcriptions_annotations/r5/r5.TextGrid,B-turns,B,B,1216.09459483,1216.48412425
235,../transcriptions_annotations/r5/r5.TextGrid,B-turns,B,B,1218.37284047,1226.56327708
236,../transcriptions_annotations/r5/r5.TextGrid,B-turns,B,B,1228.18198822,1236.23392548
237,../transcriptions_annotations/r5/r5.TextGrid,B-turns,B,B,1242.32090322,1245.75741832
238,../transcriptions_annotations/r5/r5.TextGrid,B-turns,B,B,1252.26855031,1253.67085622
239,../transcriptions_annotations/r5/r5.TextGrid,B-turns,B,B,1259.67127187,1262.0257608
240,../transcriptions_annotations/r5/r5.TextGrid,B-turns,B,B,1265.35840139,1265.59211904
241,../transcriptions_annotations/r5/r5.TextGrid,B-turns,B,B,1267.7924588,1268.59748627
242,../transcriptions_annotations/r5/r5.TextGrid,B-turns,B,B,1283.11727447,1285.64488759
243,../transcriptions_annotations/r5/r5.TextGrid,B-turns,B,B,1288.28503144,1292.50226796
244,../transcriptions_annotations/r5/r5.TextGrid,B-turns,B,B,1295.11644318,1296.83902883
245,../transcriptions_annotations/r5/r5.TextGrid,B-turns,B,B,1303.03853729,1305.09871511
246,../transcriptions_annotations/r5/r5.TextGrid,B-turns,B,B,1307.19518036,1309.97382355
247,../transcriptions_annotations/r5/r5.TextGrid,B-turns,B,B,1311.91281444,1312.22443797
248,../transcriptions_annotations/r5/r5.TextGrid,B-turns,B,B,1318.25947846,1318.55378957
249,../transcriptions_annotations/r5/r5.TextGrid,B-turns,B,B,1324.28586273,1325.32460785
250,../transcriptions_annotations/r5/r5.TextGrid,B-turns,B,B,1327.83490855,1329.03812165
251,../transcriptions_annotations/r5/r5.TextGrid,B-turns,B,B,1331.17786794,1331.91364573
252,../transcriptions_annotations/r5/r5.TextGrid,B-turns,B,B,1335.70506541,1341.32460785
253,../transcriptions_annotations/r5/r5.TextGrid,B-turns,B,B,1345.07274648,1348.19930064
254,../transcriptions_annotations/r5/r5.TextGrid,B-turns,B,B,1351.10778697,1352.86499746
255,../transcriptions_annotations/r5/r5.TextGrid,B-turns,B,B,1360.84768504,1363.9742392
256,../transcriptions_annotations/r5/r5.TextGrid,B-turns,B,B,1375.40209809,1375.75700267
257,../transcriptions_annotations/r5/r5.TextGrid,B-turns,B,B,1379.30771135,1382.52782121
258,../transcriptions_annotations/r5/r5.TextGrid,B-turns,B,B,1386.22568518,1387.45486691
259,../transcriptions_annotations/r5/r5.TextGrid,B-turns,B,B,1389.66220028,1393.28049578
260,../transcriptions_annotations/r5/r5.TextGrid,B-turns,B,B,1407.31553626,1408.50143694
261,../transcriptions_annotations/r5/r5.TextGrid,B-turns,B,B,1410.32090349,1419.03071265
262,../transcriptions_annotations/r5/r5.TextGrid,B-turns,B,B,1421.3072957,1427.79245907
263,../transcriptions_annotations/r5/r5.TextGrid,B-turns,B,B,1430.46722775,1432.08593889
264,../transcriptions_annotations/r5/r5.TextGrid,B-turns,B,B,1435.59336626,1438.19022905
265,../transcriptions_annotations/r5/r5.TextGrid,B-turns,B,B,1445.22938982,1446.03441728
266,../transcriptions_annotations/r5/r5.TextGrid,B-turns,B,B,1448.38025001,1448.70052975
267,../transcriptions_annotations/r5/r5.TextGrid,B-turns,B,B,1451.88767737,1456.52740557
268,../transcriptions_annotations/r5/r5.TextGrid,B-turns,B,B,1462.25947872,1474.80565121
269,../transcriptions_annotations/r5/r5.TextGrid,B-turns,B,B,1480.76112322,1481.12468401
270,../transcriptions_annotations/r5/r5.TextGrid,B-turns,B,B,1489.7755623,1492.67539242
271,../transcriptions_annotations/r5/r5.TextGrid,B-turns,B,B,1495.53194149,1498.72774532
272,../transcriptions_annotations/r5/r5.TextGrid,B-turns,B,B,1513.4985636,1527.79162777
273,../transcriptions_annotations/r5/r5.TextGrid,B-turns,B,B,1532.90045386,1536.28503171
274,../transcriptions_annotations/r5/r5.TextGrid,B-turns,B,B,1537.8707806,1544.62262387
275,../transcriptions_annotations/r5/r5.TextGrid,B-turns,B,B,1552.1898134,1552.57068661
276,../transcriptions_annotations/r5/r5.TextGrid,B-turns,B,B,1557.88726172,1562.99608781
277,../transcriptions_annotations/r5/r5.TextGrid,B-turns,B,B,1566.7961637,1572.84851661
278,../transcriptions_annotations/r5/r5.TextGrid,B-turns,B,B,1575.85222124,1579.45486691
279,../transcriptions_annotations/r5/r5.TextGrid,B-turns,B,B,1587.40292965,1587.74052181
280,../transcriptions_annotations/r5/r5.TextGrid,B-turns,B,B,1591.21166175,1591.45403561
281,../transcriptions_annotations/r5/r5.TextGrid,B-turns,B,B,1595.96558326,1598.63169573
282,../transcriptions_annotations/r5/r5.TextGrid,B-turns,B,B,1602.31266265,1602.61562998
283,../transcriptions_annotations/r5/r5.TextGrid,B-turns,B,B,1614.48495555,1616.12097911
284,../transcriptions_annotations/r5/r5.TextGrid,A-turns,A,A,724.701360779,726.181572572
285,../transcriptions_annotations/r5/r5.TextGrid,A-turns,A,A,727.947439272,728.449499413
286,../transcriptions_annotations/r5/r5.TextGrid,A-turns,A,A,730.478350255,731.099962055
287,../transcriptions_annotations/r5/r5.TextGrid,A-turns,A,A,732.831203918,736.181156924
288,../transcriptions_annotations/r5/r5.TextGrid,A-turns,A,A,743.038537294,743.531941225
289,../transcriptions_annotations/r5/r5.TextGrid,A-turns,A,A,747.203836567,751.72237783
290,../transcriptions_annotations/r5/r5.TextGrid,A-turns,A,A,757.636231385,758.614383038
291,../transcriptions_annotations/r5/r5.TextGrid,A-turns,A,A,763.567397358,763.982895405
292,../transcriptions_annotations/r5/r5.TextGrid,A-turns,A,A,765.489075826,773.757418315
293,../transcriptions_annotations/r5/r5.TextGrid,A-turns,A,A,778.14133539,778.3988091
294,../transcriptions_annotations/r5/r5.TextGrid,A-turns,A,A,783.557909853,786.840275775
295,../transcriptions_annotations/r5/r5.TextGrid,A-turns,A,A,799.142411806,802.0
296,../transcriptions_annotations/r5/r5.TextGrid,A-turns,A,A,805.264014384,806.761538596
297,../transcriptions_annotations/r5/r5.TextGrid,A-turns,A,A,808.830372623,814.778851015
298,../transcriptions_annotations/r5/r5.TextGrid,A-turns,A,A,819.125930683,825.557494205
299,../transcriptions_annotations/r5/r5.TextGrid,A-turns,A,A,827.498147684,830.372009177
300,../transcriptions_annotations/r5/r5.TextGrid,A-turns,A,A,832.137875877,833.072746484
301,../transcriptions_annotations/r5/r5.TextGrid,A-turns,A,A,835.870364684,841.730618392
302,../transcriptions_annotations/r5/r5.TextGrid,A-turns,A,A,843.799492104,845.835324199
303,../transcriptions_annotations/r5/r5.TextGrid,A-turns,A,A,856.22443797,874.234341123
304,../transcriptions_annotations/r5/r5.TextGrid,A-turns,A,A,877.601606548,885.792043374
305,../transcriptions_annotations/r5/r5.TextGrid,A-turns,A,A,888.942903565,890.412210478
306,../transcriptions_annotations/r5/r5.TextGrid,A-turns,A,A,892.095426348,897.064090496
307,../transcriptions_annotations/r5/r5.TextGrid,A-turns,A,A,901.541013304,904.570686565
308,../transcriptions_annotations/r5/r5.TextGrid,A-turns,A,A,906.199716507,909.186108722
309,../transcriptions_annotations/r5/r5.TextGrid,A-turns,A,A,911.220317911,912.665904867
310,../transcriptions_annotations/r5/r5.TextGrid,A-turns,A,A,914.814307148,917.592950338
311,../transcriptions_annotations/r5/r5.TextGrid,A-turns,A,A,919.791627505,920.518749087
312,../transcriptions_annotations/r5/r5.TextGrid,A-turns,A,A,929.212908424,932.68404836
313,../transcriptions_annotations/r5/r5.TextGrid,A-turns,A,A,935.904158226,940.311831359
314,../transcriptions_annotations/r5/r5.TextGrid,A-turns,A,A,942.320071921,944.034001366
315,../transcriptions_annotations/r5/r5.TextGrid,A-turns,A,A,945.723624774,952.198469343
316,../transcriptions_annotations/r5/r5.TextGrid,A-turns,A,A,961.358401391,965.852636618
317,../transcriptions_annotations/r5/r5.TextGrid,A-turns,A,A,969.202589623,969.462275903
318,../transcriptions_annotations/r5/r5.TextGrid,A-turns,A,A,972.952390849,973.246701966
319,../transcriptions_annotations/r5/r5.TextGrid,A-turns,A,A,977.289151716,981.549669292
320,../transcriptions_annotations/r5/r5.TextGrid,A-turns,A,A,983.263598736,984.10325104
321,../transcriptions_annotations/r5/r5.TextGrid,A-turns,A,A,985.63706268,986.372840472
322,../transcriptions_annotations/r5/r5.TextGrid,A-turns,A,A,988.632111104,996.675392151
323,../transcriptions_annotations/r5/r5.TextGrid,A-turns,A,A,1008.92559093,1011.84439606
324,../transcriptions_annotations/r5/r5.TextGrid,A-turns,A,A,1020.82254771,1030.35469676
325,../transcriptions_annotations/r5/r5.TextGrid,A-turns,A,A,1032.47546804,1036.42436208
326,../transcriptions_annotations/r5/r5.TextGrid,A-turns,A,A,1037.94785492,1039.51462881
327,../transcriptions_annotations/r5/r5.TextGrid,A-turns,A,A,1041.09871511,1044.26855031
328,../transcriptions_annotations/r5/r5.TextGrid,A-turns,A,A,1050.79699473,1051.08264964
329,../transcriptions_annotations/r5/r5.TextGrid,A-turns,A,A,1052.6321111,1075.48949147
330,../transcriptions_annotations/r5/r5.TextGrid,A-turns,A,A,1080.47546804,1080.68321706
331,../transcriptions_annotations/r5/r5.TextGrid,A-turns,A,A,1082.44209015,1092.58017385
332,../transcriptions_annotations/r5/r5.TextGrid,A-turns,A,A,1094.37200918,1102.28544708
333,../transcriptions_annotations/r5/r5.TextGrid,A-turns,A,A,1106.55462087,1113.24084357
334,../transcriptions_annotations/r5/r5.TextGrid,A-turns,A,A,1118.09410602,1119.41075429
335,../transcriptions_annotations/r5/r5.TextGrid,A-turns,A,A,1126.66632029,1133.0043281
336,../transcriptions_annotations/r5/r5.TextGrid,A-turns,A,A,1137.26318309,1148.38108103
337,../transcriptions_annotations/r5/r5.TextGrid,A-turns,A,A,1151.26359874,1152.9948406
338,../transcriptions_annotations/r5/r5.TextGrid,A-turns,A,A,1159.31553599,1168.59665497
339,../transcriptions_annotations/r5/r5.TextGrid,A-turns,A,A,1170.90086924,1180.82254771
340,../transcriptions_annotations/r5/r5.TextGrid,A-turns,A,A,1183.89550202,1187.38561696
341,../transcriptions_annotations/r5/r5.TextGrid,A-turns,A,A,1189.23804576,1195.34233592
342,../transcriptions_annotations/r5/r5.TextGrid,A-turns,A,A,1200.82171641,1207.67044057
343,../transcriptions_annotations/r5/r5.TextGrid,A-turns,A,A,1210.10449798,1218.68446401
344,../transcriptions_annotations/r5/r5.TextGrid,A-turns,A,A,1224.86499746,1227.80977122
345,../transcriptions_annotations/r5/r5.TextGrid,A-turns,A,A,1234.13046661,1235.29039866
346,../transcriptions_annotations/r5/r5.TextGrid,A-turns,A,A,1237.03895294,1248.2504066
347,../transcriptions_annotations/r5/r5.TextGrid,A-turns,A,A,1253.86994904,1256.95155955
348,../transcriptions_annotations/r5/r5.TextGrid,A-turns,A,A,1260.90045359,1267.3250235
349,../transcriptions_annotations/r5/r5.TextGrid,A-turns,A,A,1269.6535438,1272.31100006
350,../transcriptions_annotations/r5/r5.TextGrid,A-turns,A,A,1274.44209015,1275.9742392
351,../transcriptions_annotations/r5/r5.TextGrid,A-turns,A,A,1278.31141571,1282.19106008
352,../transcriptions_annotations/r5/r5.TextGrid,A-turns,A,A,1285.16013987,1285.90457387
353,../transcriptions_annotations/r5/r5.TextGrid,A-turns,A,A,1288.31965627,1288.8130602
354,../transcriptions_annotations/r5/r5.TextGrid,A-turns,A,A,1290.90952545,1291.29905487
355,../transcriptions_annotations/r5/r5.TextGrid,A-turns,A,A,1293.08223399,1293.40251373
356,../transcriptions_annotations/r5/r5.TextGrid,A-turns,A,A,1298.35552805,1302.19888499
357,../transcriptions_annotations/r5/r5.TextGrid,A-turns,A,A,1307.41158559,1309.24670197
358,../transcriptions_annotations/r5/r5.TextGrid,A-turns,A,A,1311.77431509,1327.17703664
359,../transcriptions_annotations/r5/r5.TextGrid,A-turns,A,A,1329.64571889,1331.67127187
360,../transcriptions_annotations/r5/r5.TextGrid,A-turns,A,A,1333.38520131,1334.64900787
361,../transcriptions_annotations/r5/r5.TextGrid,A-turns,A,A,1341.47176341,1341.81801178
362,../transcriptions_annotations/r5/r5.TextGrid,A-turns,A,A,1352.31965627,1365.03029673
363,../transcriptions_annotations/r5/r5.TextGrid,A-turns,A,A,1367.20300527,1371.77514638
364,../transcriptions_annotations/r5/r5.TextGrid,A-turns,A,A,1373.72279348,1380.09542613
365,../transcriptions_annotations/r5/r5.TextGrid,A-turns,A,A,1381.74876211,1387.60202246
366,../transcriptions_annotations/r5/r5.TextGrid,A-turns,A,A,1389.72279375,1390.17291663
367,../transcriptions_annotations/r5/r5.TextGrid,A-turns,A,A,1393.91406165,1394.19971656
368,../transcriptions_annotations/r5/r5.TextGrid,A-turns,A,A,1396.61479895,1397.27267086
369,../transcriptions_annotations/r5/r5.TextGrid,A-turns,A,A,1399.67044084,1410.00000027
370,../transcriptions_annotations/r5/r5.TextGrid,A-turns,A,A,1419.34233619,1419.64530351
371,../transcriptions_annotations/r5/r5.TextGrid,A-turns,A,A,1430.26813493,1444.0954264
372,../transcriptions_annotations/r5/r5.TextGrid,A-turns,A,A,1446.20754147,1454.75288266
373,../transcriptions_annotations/r5/r5.TextGrid,A-turns,A,A,1456.88231015,1461.61891924
374,../transcriptions_annotations/r5/r5.TextGrid,A-turns,A,A,1465.41899513,1466.1477793
375,../transcriptions_annotations/r5/r5.TextGrid,A-turns,A,A,1474.83161984,1490.78833879
376,../transcriptions_annotations/r5/r5.TextGrid,A-turns,A,A,1492.72732968,1499.97423947
377,../transcriptions_annotations/r5/r5.TextGrid,A-turns,A,A,1501.82666826,1507.66261593
378,../transcriptions_annotations/r5/r5.TextGrid,A-turns,A,A,1509.96516761,1513.79121213
379,../transcriptions_annotations/r5/r5.TextGrid,A-turns,A,A,1516.9350787,1517.96516761
380,../transcriptions_annotations/r5/r5.TextGrid,A-turns,A,A,1522.84027604,1525.33326433
381,../transcriptions_annotations/r5/r5.TextGrid,A-turns,A,A,1528.06862647,1531.64530351
382,../transcriptions_annotations/r5/r5.TextGrid,A-turns,A,A,1537.06409054,1537.42765133
383,../transcriptions_annotations/r5/r5.TextGrid,A-turns,A,A,1547.74917802,1552.44084347
384,../transcriptions_annotations/r5/r5.TextGrid,A-turns,A,A,1554.56327735,1556.71867347
385,../transcriptions_annotations/r5/r5.TextGrid,A-turns,A,A,1560.04265784,1569.32377682
386,../transcriptions_annotations/r5/r5.TextGrid,A-turns,A,A,1573.91323035,1581.60160682
387,../transcriptions_annotations/r5/r5.TextGrid,A-turns,A,A,1584.15518857,1614.32914378
388,../transcriptions_annotations/r5/r5.TextGrid,O,los geht's,los geht's,722.937994924,723.77432371
389,../transcriptions_annotations/r5/r5.TextGrid,O,<breathing/>,,1095.95960189,1099.46032298
390,../transcriptions_annotations/r5/r5.TextGrid,A-laughter,<laughter/>,,724.701360779,726.181572572
391,../transcriptions_annotations/r5/r5.TextGrid,A-laughter,<laughter> großen Probleme </laughter>,großen Probleme,766.32356819,767.61394595
392,../transcriptions_annotations/r5/r5.TextGrid,A-laughter,<laughterOffset/>,,767.61394595,768.016688947
393,../transcriptions_annotations/r5/r5.TextGrid,A-laughter,<laughter/>,,819.291301326,820.385317253
394,../transcriptions_annotations/r5/r5.TextGrid,A-laughter,<laughterOffset/>,,820.385317253,820.708024027
395,../transcriptions_annotations/r5/r5.TextGrid,A-laughter,<laughter/>,,901.541013304,902.289915453
396,../transcriptions_annotations/r5/r5.TextGrid,A-laughter,<laughterOffset/>,,902.289915453,902.682639119
397,../transcriptions_annotations/r5/r5.TextGrid,A-laughter,<laughter/>,,946.169073658,946.95452099
398,../transcriptions_annotations/r5/r5.TextGrid,A-laughter,<laughter/>,,963.307711079,964.943734639
399,../transcriptions_annotations/r5/r5.TextGrid,A-laughter,<laughter/>,,1025.37571381,1026.93096066
400,../transcriptions_annotations/r5/r5.TextGrid,A-laughter,<laughter/>,,1052.6321111,1054.99525625
401,../transcriptions_annotations/r5/r5.TextGrid,A-laughter,<laughter/>,,1172.04348887,1173.58429413
402,../transcriptions_annotations/r5/r5.TextGrid,A-laughter,<laughter/>,,1175.09913076,1176.56203013
403,../transcriptions_annotations/r5/r5.TextGrid,A-laughter,<laughter> vor die man dann ansprechen kann </laughter>,vor die man dann ansprechen kann,1242.855375,1246.18157257
404,../transcriptions_annotations/r5/r5.TextGrid,A-laughter,<laughter/>,,1361.31512034,1363.40292938
405,../transcriptions_annotations/r5/r5.TextGrid,A-laughter,<laughter/>,,1436.0954264,1437.65995177
406,../transcriptions_annotations/r5/r5.TextGrid,A-laughter,<laughter> und der Rest kommt dann </laughter>,und der Rest kommt dann,1495.9700514,1497.84951466
407,../transcriptions_annotations/r5/r5.TextGrid,A-laughter,<laughterOffset/>,,1497.84951466,1498.18613495
408,../transcriptions_annotations/r5/r5.TextGrid,A-laughter,<laughter> Gut </laughter>,Gut,1560.04265784,1563.55173296
409,../transcriptions_annotations/r5/r5.TextGrid,A-laughter,<laughter>Offset/>,Offset/>,1563.55173296,1564.21661333
410,../transcriptions_annotations/r5/r5.TextGrid,A-laughter,<laughter> schön </laughter>,schön,1577.12875113,1579.28873129
411,../transcriptions_annotations/r5/r5.TextGrid,A-laughter,"<laughter> sicherlich <v=""irgendetwas"">irgendwas</v> erfinden </laughter>",sicherlich irgendetwas erfinden,1594.1034896,1596.41570614
412,../transcriptions_annotations/r5/r5.TextGrid,Part,dream_apartment,dream_apartment,722.937994924,1616.12097911
413,../transcriptions_annotations/r5/r5.TextGrid,Comments,An exclamation {X Eijeijeijei},An exclamation,726.96538773,727.631691115
414,../transcriptions_annotations/r5/r5.TextGrid,Comments,overwritten by next utterance: Es soll nach draussen hingehen   NO!,overwritten by next utterance Es soll nach draussen hingehen NO!,949.212077128,950.53627285
415,../transcriptions_annotations/r5/r5.TextGrid,Comments,segment in 3 utts first 2 with ?,segment in 3 utts first 2 with ?,956.570405531,958.051075407
416,../transcriptions_annotations/r5/r5.TextGrid,Comments,"segment off ""von der Himmelsrichtung her"" (adjust of ""welche Seite"")","segment off ""von der Himmelsrichtung her"" adjust of ""welche Seite""",958.073579152,959.133755597
417,../transcriptions_annotations/r5/r5.TextGrid,Comments,"segment off ""ja""?  uppercase?","segment off ""ja""? uppercase?",988.632111104,988.785144322
418,../transcriptions_annotations/r5/r5.TextGrid,Comments,lowercase?,lowercase?,1038.93521975,1039.51462881
419,../transcriptions_annotations/r5/r5.TextGrid,Comments,lowercase?,lowercase?,1041.09871511,1042.56327708
420,../transcriptions_annotations/r5/r5.TextGrid,Comments,"son non-standard for ""so einen"" and ""so ein""","son non-standard for ""so einen"" and ""so ein""",1052.60778113,1056.38024974
421,../transcriptions_annotations/r5/r5.TextGrid,Comments,segment off {F Also:} - right transcription? no! only {},segment off - right transcription? no! only,1090.89772222,1091.72394633
422,../transcriptions_annotations/r5/r5.TextGrid,Comments,segment more  at { }?,segment more at ?,1165.79204315,1168.59665497
423,../transcriptions_annotations/r5/r5.TextGrid,Comments,"how to annotate compositions of english and german words ""<english>Sound</english>+<ger>system</ger>""","how to annotate compositions of english and german words ""Soundsystem""",1208.55337392,1209.62674388
424,../transcriptions_annotations/r5/r5.TextGrid,Comments,(guten + . guten) ?!,guten guten ?!,1214.08503579,1215.51245887
425,../transcriptions_annotations/r5/r5.TextGrid,Comments,"proper nouns in english ""Startrek"" no english generic names or trademarks...","proper nouns in english ""Startrek"" no english generic names or trademarks",1240.85922405,1241.92180474
426,../transcriptions_annotations/r5/r5.TextGrid,Comments,don't segment ?,don't segment ?,1352.30536638,1353.81785106
427,../transcriptions_annotations/r5/r5.TextGrid,Comments,"alternative:  (<v=""eine"">'ne</v> schöne + ... ( <v=""so einen"">so'n</v> alten + (<v=""eine"">'ne</v> +) <v=""eine"">'ne</v> Eichenvitrine ))",alternative eine schöne so einen alten eine eine Eichenvitrine,1400.49308778,1404.08618059
428,../transcriptions_annotations/r5/r5.TextGrid,Comments,with ? after -,with ? after -,1450.44209042,1451.36959508
429,../transcriptions_annotations/r5/r5.TextGrid,Comments,{X Ach} ? discourse markers but not exclamation only {},? discourse markers but not exclamation only,1557.88726172,1562.99608781
430,../transcriptions_annotations/r5/r5.TextGrid,A-utts,<laughter/>,,724.701360779,726.181572572
431,../transcriptions_annotations/r5/r5.TextGrid,A-utts,Ja gut,Ja gut,727.947439272,728.449499413
432,../transcriptions_annotations/r5/r5.TextGrid,A-utts,{Also:},,730.478350255,731.099962055
433,../transcriptions_annotations/r5/r5.TextGrid,A-utts,Ich <v='brauche'>brauch'</v> <v='glaube'>glaub'</v> ich nur <v='ein'>'n</v> Schlafzimmer und (<v='ein'>'n</v> + vielleicht <v='ein'>'n</v> ) Arbeitszimmer,Ich brauch' glaub' ich nur 'n Schlafzimmer und 'n vielleicht 'n Arbeitszimmer,732.831203918,736.181156924
434,../transcriptions_annotations/r5/r5.TextGrid,A-utts,Achso,Achso,743.038537294,743.531941225
435,../transcriptions_annotations/r5/r5.TextGrid,A-utts,Ja,Ja,747.203836567,747.567397358
436,../transcriptions_annotations/r5/r5.TextGrid,A-utts,Ja:,Ja,747.835739847,748.597486267
437,../transcriptions_annotations/r5/r5.TextGrid,A-utts,Hm:,Hm,748.666735941,749.134171244
438,../transcriptions_annotations/r5/r5.TextGrid,A-utts,Ja <v='ist'>is'</v> ja eigentlich egal,Ja is' ja eigentlich egal,749.740823818,750.514859802
439,../transcriptions_annotations/r5/r5.TextGrid,A-utts,<v='Ziehen'>Zieh'n</v> <v='wir'>wa</v> halt noch <v='eine'>'ne</v> Wand <v='hinein'>rein</v>,Zieh'n wa halt noch 'ne Wand rein,750.514859802,751.72237783
440,../transcriptions_annotations/r5/r5.TextGrid,A-utts,In meins ja ja,In meins ja ja,757.636231385,758.614383038
441,../transcriptions_annotations/r5/r5.TextGrid,A-utts,Genau,Genau,763.567397358,763.982895405
442,../transcriptions_annotations/r5/r5.TextGrid,A-utts,Ich seh da <v='jetzt'>jetz</v> keine <laughter> großen Probleme </laughter><laughterOffset/>,Ich seh da jetz keine großen Probleme,765.489075826,768.016688947
443,../transcriptions_annotations/r5/r5.TextGrid,A-utts,{Also},,768.077282412,768.290768412
444,../transcriptions_annotations/r5/r5.TextGrid,A-utts,Die Küche .. darf nicht zu klein <p='und'>un-</p>,Die Küche darf nicht zu klein un-,768.290768412,770.165091449
445,../transcriptions_annotations/r5/r5.TextGrid,A-utts,Sollen wir <v='es'>'s</v> <v='jetzt'>jetz</v> so nach Quadratmetern ...  auf  -,Sollen wir 's jetz so nach Quadratmetern auf -,770.242997333,773.757418315
446,../transcriptions_annotations/r5/r5.TextGrid,A-utts,Ja,Ja,778.14133539,778.3988091
447,../transcriptions_annotations/r5/r5.TextGrid,A-utts,{Achso} Ich dachte (es seien: + zweihundert Quadratmeter sei) festgelegt,Ich dachte es seien zweihundert Quadratmeter sei festgelegt,783.557909853,786.840275775
448,../transcriptions_annotations/r5/r5.TextGrid,A-utts,Küche und Esszimmer in einem,Küche und Esszimmer in einem,799.142411806,800.345624901
449,../transcriptions_annotations/r5/r5.TextGrid,A-utts,Oder essen wir im -,Oder essen wir im -,800.925590925,802.0
450,../transcriptions_annotations/r5/r5.TextGrid,A-utts,{Also} Ess- und Wohnzimmer zusammen,Ess- und Wohnzimmer zusammen,805.264014384,806.761538596
451,../transcriptions_annotations/r5/r5.TextGrid,A-utts,<v='Finde'>Find'</v> ich okay,Find' ich okay,808.830372623,809.488244531
452,../transcriptions_annotations/r5/r5.TextGrid,A-utts,Aber vielleicht kann <v='in die'>inne</v> Küche ja auch <v='ein'>'n</v> kleiner Tisch oder so dass man da auch mal so frühstücken kann nebenbei,Aber vielleicht kann inne Küche ja auch 'n kleiner Tisch oder so dass man da auch mal so frühstücken kann nebenbei,810.52865224,814.778851015
453,../transcriptions_annotations/r5/r5.TextGrid,A-utts,Okay <laughter/><laughterOffset/>,Okay,819.125930683,820.708024027
454,../transcriptions_annotations/r5/r5.TextGrid,A-utts,{Also} so <v='eine'>'ne</v> Küche von,so 'ne Küche von,820.708024027,821.965167339
455,../transcriptions_annotations/r5/r5.TextGrid,A-utts,weiß ich auch nicht,weiß ich auch nicht,823.21166148,824.077282412
456,../transcriptions_annotations/r5/r5.TextGrid,A-utts,ja,ja,825.029465437,825.557494205
457,../transcriptions_annotations/r5/r5.TextGrid,A-utts,drei mal zwei Metern oder so . drei mal drei Metern,drei mal zwei Metern oder so drei mal drei Metern,827.498147684,830.372009177
458,../transcriptions_annotations/r5/r5.TextGrid,A-utts,Das reicht ja oder?,Das reicht ja oder?,832.137875877,833.072746484
459,../transcriptions_annotations/r5/r5.TextGrid,A-utts,Kochst du denn gern?,Kochst du denn gern?,835.870364684,836.580173848
460,../transcriptions_annotations/r5/r5.TextGrid,A-utts,Ich auch,Ich auch,837.748762106,838.276790874
461,../transcriptions_annotations/r5/r5.TextGrid,A-utts,Dann passt es ja auch,Dann passt es ja auch,838.848100689,839.782971295
462,../transcriptions_annotations/r5/r5.TextGrid,A-utts,{F Ähm},,841.055434065,841.730618392
463,../transcriptions_annotations/r5/r5.TextGrid,A-utts,Ja,Ja,843.799492104,844.05655599
464,../transcriptions_annotations/r5/r5.TextGrid,A-utts,Dafür muss das Wohnzimmer relativ groß sein,Dafür muss das Wohnzimmer relativ groß sein,844.05655599,845.835324199
465,../transcriptions_annotations/r5/r5.TextGrid,A-utts,Ja,Ja,856.22443797,856.579342552
466,../transcriptions_annotations/r5/r5.TextGrid,A-utts,<nv/>,,856.799598081,857.37060341
467,../transcriptions_annotations/r5/r5.TextGrid,A-utts,{Also},,857.436307275,857.983311053
468,../transcriptions_annotations/r5/r5.TextGrid,A-utts,Wenn ich mir dann da noch <v='so ein'>son</v> Esszimmer,Wenn ich mir dann da noch son Esszimmer,858.822963357,860.476299336
469,../transcriptions_annotations/r5/r5.TextGrid,A-utts,{Also},,861.489075826,861.668202343
470,../transcriptions_annotations/r5/r5.TextGrid,A-utts,Ich stell mir (so <p='schon'>scho-</p> + . mehr <v='so ein'>son</v> ) -,Ich stell mir so scho- mehr son -,861.668202343,863.566566062
471,../transcriptions_annotations/r5/r5.TextGrid,A-utts,Aber <v='ist'>is'</v> ja egal,Aber is' ja egal,864.423530785,865.289151716
472,../transcriptions_annotations/r5/r5.TextGrid,A-utts,Das muss ja auch <v='nicht'>nich</v> zu (<p='kompliziert'>kompli-</p> + kompliziert) sein,Das muss ja auch nich zu kompli- kompliziert sein,865.3670576,867.714552916
473,../transcriptions_annotations/r5/r5.TextGrid,A-utts,{Also},,869.021640523,869.21122159
474,../transcriptions_annotations/r5/r5.TextGrid,A-utts,Die Küche <v='ist'>is'</v> <v='jetzt'>jetz</v> ... neun Quadratmeter groß,Die Küche is' jetz neun Quadratmeter groß,869.21122159,873.3670576
475,../transcriptions_annotations/r5/r5.TextGrid,A-utts,Sagen <v='wir'>wa</v> zehn,Sagen wa zehn,873.576469215,874.234341123
476,../transcriptions_annotations/r5/r5.TextGrid,A-utts,"Und das Esszimmer und das Wohnzimmer könnte ja schon dann direkt daneben sein, ne?",Und das Esszimmer und das Wohnzimmer könnte ja schon dann direkt daneben sein ne?,877.601606548,880.695071104
477,../transcriptions_annotations/r5/r5.TextGrid,A-utts,(Mit so <v='einer'>'ner</v> + ... mit so <v='einer'>'ner</v> ) leicht durchgehbaren Tür,Mit so 'ner mit so 'ner leicht durchgehbaren Tür,880.695071104,885.792043374
478,../transcriptions_annotations/r5/r5.TextGrid,A-utts,{Also},,888.942903565,889.460295122
479,../transcriptions_annotations/r5/r5.TextGrid,A-utts,Was weiß ich <nv/>,Was weiß ich,889.460295122,890.412210478
480,../transcriptions_annotations/r5/r5.TextGrid,A-utts,Fünfundzwanzig Quadratmeter,Fünfundzwanzig Quadratmeter,892.095426348,893.696825071
481,../transcriptions_annotations/r5/r5.TextGrid,A-utts,Vielleicht auch dreißig,Vielleicht auch dreißig,894.926006794,895.791627726
482,../transcriptions_annotations/r5/r5.TextGrid,A-utts,wir <v='haben'>ham</v> <v='es'>'s</v> ja,wir ham 's ja,896.587998983,897.064090496
483,../transcriptions_annotations/r5/r5.TextGrid,A-utts,<laughter/> Das <v='wäre'>wär'</v> <v='jetzt'>jetz</v> (bei + bei) vierzig,Das wär' jetz bei bei vierzig,901.541013304,904.570686565
484,../transcriptions_annotations/r5/r5.TextGrid,A-utts,Und unsere beiden Räume die können ja dann gleich groß sein,Und unsere beiden Räume die können ja dann gleich groß sein,906.199716507,908.648764254
485,../transcriptions_annotations/r5/r5.TextGrid,A-utts,Obwohl ich brauch -,Obwohl ich brauch -,908.648764254,909.186108722
486,../transcriptions_annotations/r5/r5.TextGrid,A-utts,{Ha} ich <v='glaube'>glaub'</v> ich <v='nehme es'>nehm's</v> auch in einem,ich glaub' ich nehm's auch in einem,911.220317911,912.665904867
487,../transcriptions_annotations/r5/r5.TextGrid,A-utts,Arbeitszimmer (und + und) .. Schlafzimmer,Arbeitszimmer und und Schlafzimmer,914.814307148,917.592950338
488,../transcriptions_annotations/r5/r5.TextGrid,A-utts,{Also},,919.791627505,920.518749087
489,../transcriptions_annotations/r5/r5.TextGrid,A-utts,Ja gut,Ja gut,929.212908424,929.53543291
490,../transcriptions_annotations/r5/r5.TextGrid,A-utts,Badezimmer können <v='wir'>wa</v> auch <v='schon mal'>schoma'</v> abziehen,Badezimmer können wa auch schoma' abziehen,929.53543291,931.136462021
491,../transcriptions_annotations/r5/r5.TextGrid,A-utts,Brauch ich <v='jetzt'>jetz</v> auch <v='nicht'>nich</v> <v='so ein'>so'n</v> riesen Teil,Brauch ich jetz auch nich so'n riesen Teil,931.347679582,932.68404836
492,../transcriptions_annotations/r5/r5.TextGrid,A-utts,<unclear/>,,935.904158226,936.276375226
493,../transcriptions_annotations/r5/r5.TextGrid,A-utts,Ja <v='würde'>würd'</v> ich auch sagen,Ja würd' ich auch sagen,936.847685041,937.886430159
494,../transcriptions_annotations/r5/r5.TextGrid,A-utts,Dann sind <v='wir'>wa<v> bei <v='fünfzig'>fuffzig</v>,Dann sind wa bei fuffzig,939.16921173,940.311831359
495,../transcriptions_annotations/r5/r5.TextGrid,A-utts,Ja,Ja,942.320071921,942.804819643
496,../transcriptions_annotations/r5/r5.TextGrid,A-utts,Badewanne und Dusche,Badewanne und Dusche,942.995256248,944.034001366
497,../transcriptions_annotations/r5/r5.TextGrid,A-utts,Ja <laughter/> und <v='ein'>'n</v> Fenster,Ja und 'n Fenster,945.723624774,947.809771219
498,../transcriptions_annotations/r5/r5.TextGrid,A-utts,Das muss auf jeden Fall (am + (am + ) ) -,Das muss auf jeden Fall am am -,949.212077128,950.53627285
499,../transcriptions_annotations/r5/r5.TextGrid,A-utts,{F äh},,950.53627285,951.232263683
500,../transcriptions_annotations/r5/r5.TextGrid,A-utts,Es soll  nach draußen hingehen,Es soll nach draußen hingehen,951.232263683,952.198469343
501,../transcriptions_annotations/r5/r5.TextGrid,A-utts,Das <v='ist'>is'</v> mir egal <v='kannst du'>kannste</v> . haben,Das is' mir egal kannste haben,961.358401391,962.874900613
502,../transcriptions_annotations/r5/r5.TextGrid,A-utts,<laughter/>,,963.307711079,964.943734639
503,../transcriptions_annotations/r5/r5.TextGrid,A-utts,{Also},,965.272670593,965.576702172
504,../transcriptions_annotations/r5/r5.TextGrid,A-utts,Ja,Ja,965.576702172,965.852636618
505,../transcriptions_annotations/r5/r5.TextGrid,A-utts,Ja,Ja,969.202589623,969.462275903
506,../transcriptions_annotations/r5/r5.TextGrid,A-utts,ja,ja,972.952390849,973.246701966
507,../transcriptions_annotations/r5/r5.TextGrid,A-utts,ja gut also die {F ähm},ja gut also die,977.289151716,978.857588194
508,../transcriptions_annotations/r5/r5.TextGrid,A-utts,achso da ist unsere Uhr . wir haben ja noch massig Zeit,achso da ist unsere Uhr wir haben ja noch massig Zeit,979.402929381,981.549669292
509,../transcriptions_annotations/r5/r5.TextGrid,A-utts,{F Ähm:},,983.263598736,984.10325104
510,../transcriptions_annotations/r5/r5.TextGrid,A-utts,Die:,Die,985.63706268,986.372840472
511,../transcriptions_annotations/r5/r5.TextGrid,A-utts,ja,ja,988.632111104,988.785144322
512,../transcriptions_annotations/r5/r5.TextGrid,A-utts,unsere Zimmer,unsere Zimmer,988.785144322,989.592950338
513,../transcriptions_annotations/r5/r5.TextGrid,A-utts,können dann schon sagen <v='wir'>wa</v> -,können dann schon sagen wa -,990.986600038,991.921470644
514,../transcriptions_annotations/r5/r5.TextGrid,A-utts,Ja,Ja,991.990720319,992.276375226
515,../transcriptions_annotations/r5/r5.TextGrid,A-utts,Sind ja irrsinnige Dimensionen was sollen <v='wir'>wa</v> <v='jetzt'>jetz</v> noch mit hundertfünfzig Quadratmetern,Sind ja irrsinnige Dimensionen was sollen wa jetz noch mit hundertfünfzig Quadratmetern,993.107371321,996.675392151
516,../transcriptions_annotations/r5/r5.TextGrid,A-utts,Mhm,Mhm,1008.92559093,1009.48824453
517,../transcriptions_annotations/r5/r5.TextGrid,A-utts,Sagen <v='wir'>wa</v> grob zwanzig,Sagen wa grob zwanzig,1010.66715159,1011.84439606
518,../transcriptions_annotations/r5/r5.TextGrid,A-utts,Komm sagen <v='wir'>wa</v> <v='fünfzig'>fuffzig</v> ich mein,Komm sagen wa fuffzig ich mein,1020.82254771,1022.3893216
519,../transcriptions_annotations/r5/r5.TextGrid,A-utts,was <v='soll es'>soll's</v>,was soll's,1023.56656606,1024.20712555
520,../transcriptions_annotations/r5/r5.TextGrid,A-utts,<laughter/> <v='Ist'>Is'</v> ja auch noch <v='ein'>'n</v> Esszimmer und dann passt auch noch (<v='ein'>'n</v> + <v='ein'>'n</v>) Kicker oder so <v='hinein'>rein</v>,Is' ja auch noch 'n Esszimmer und dann passt auch noch 'n 'n Kicker oder so rein,1025.37571381,1030.35469676
521,../transcriptions_annotations/r5/r5.TextGrid,A-utts,Und {F ähm} -,Und -,1032.47546804,1033.48876019
522,../transcriptions_annotations/r5/r5.TextGrid,A-utts,Ja unsere Zimmer dann auch nochmal jeweils <v='fünfzig'>fuffzig</v>,Ja unsere Zimmer dann auch nochmal jeweils fuffzig,1033.48876019,1036.42436208
523,../transcriptions_annotations/r5/r5.TextGrid,A-utts,Dann: -,Dann -,1037.94785492,1038.77422631
524,../transcriptions_annotations/r5/r5.TextGrid,A-utts,Nee:,Nee,1038.93521975,1039.51462881
525,../transcriptions_annotations/r5/r5.TextGrid,A-utts,Siebzig . neunzig,Siebzig neunzig,1041.09871511,1042.56327708
526,../transcriptions_annotations/r5/r5.TextGrid,A-utts,<v='Haben'>Ham</v> <v='wir es'>wa's</v> <v='glaube'>glaub'</v> ich fast,Ham wa's glaub' ich fast,1043.27308624,1044.26855031
527,../transcriptions_annotations/r5/r5.TextGrid,A-utts,Nö,Nö,1050.79699473,1051.08264964
528,../transcriptions_annotations/r5/r5.TextGrid,A-utts,<laughter/>,,1052.6321111,1054.99525625
529,../transcriptions_annotations/r5/r5.TextGrid,A-utts,ja stimmt,ja stimmt,1056.32831248,1057.01215302
530,../transcriptions_annotations/r5/r5.TextGrid,A-utts,Ja aber ich bin -,Ja aber ich bin -,1058.04390452,1059.29290726
531,../transcriptions_annotations/r5/r5.TextGrid,A-utts,{F äh}(Ich  +),Ich,1059.29290726,1059.84303156
532,../transcriptions_annotations/r5/r5.TextGrid,A-utts,Nee,Nee,1059.84303156,1060.34758343
533,../transcriptions_annotations/r5/r5.TextGrid,A-utts,{also} Ich <v='brauche'>brauch'</v> <v='einen'>'n</v> Rechner mehr <v='nicht'>nich</v> .. eigentlich,Ich brauch' 'n Rechner mehr nich eigentlich,1060.52010762,1063.39344188
534,../transcriptions_annotations/r5/r5.TextGrid,A-utts,{F Ähm},,1064.69187327,1065.19002193
535,../transcriptions_annotations/r5/r5.TextGrid,A-utts,Aber <v='einen'>'n</v> Stauraum könnte man noch .. nehmen,Aber 'n Stauraum könnte man noch nehmen,1065.32125285,1067.56739736
536,../transcriptions_annotations/r5/r5.TextGrid,A-utts,<v='Einen'>'N</v> kleinen,'N kleinen,1067.76649017,1068.51092417
537,../transcriptions_annotations/r5/r5.TextGrid,A-utts,(<v='So ein'>So'n</v> + ... <v='so ein'>so'n</v> ) {F äh} wie nennt sich das,So'n so'n wie nennt sich das,1069.4631072,1072.66590465
538,../transcriptions_annotations/r5/r5.TextGrid,A-utts,<v='eine'>'ne</v> Abstellkammer,'ne Abstellkammer,1073.51587575,1074.32090322
539,../transcriptions_annotations/r5/r5.TextGrid,A-utts,Genau,Genau,1074.51133982,1074.92683787
540,../transcriptions_annotations/r5/r5.TextGrid,A-utts,Ja,Ja,1075.29905487,1075.48949147
541,../transcriptions_annotations/r5/r5.TextGrid,A-utts,Ja,Ja,1080.47546804,1080.68321706
542,../transcriptions_annotations/r5/r5.TextGrid,A-utts,{Also} wir <v='haben'>ham:</v>,wir ham,1082.44209015,1083.28174245
543,../transcriptions_annotations/r5/r5.TextGrid,A-utts,<nv/> Wie machen <v='wir es '>wa's</v> denn?,Wie machen wa's denn?,1084.28356536,1085.23804576
544,../transcriptions_annotations/r5/r5.TextGrid,A-utts,Da ist der Flur .. und dann gehen die Räume einfach .. rechts und links davon ab oder wie?,Da ist der Flur und dann gehen die Räume einfach rechts und links davon ab oder wie?,1085.57563792,1089.55749421
545,../transcriptions_annotations/r5/r5.TextGrid,A-utts,{Also:} kommt man <v='herein'>rein</v>,kommt man rein,1090.90086924,1092.58017385
546,../transcriptions_annotations/r5/r5.TextGrid,A-utts,Dann ... <v='haben'>ham</v> <v='wir'>wa</v> rechts den Stauraum ... und links das Bad,Dann ham wa rechts den Stauraum und links das Bad,1094.37200918,1102.28544708
547,../transcriptions_annotations/r5/r5.TextGrid,A-utts,und dann ... kommt dein Zimmer und dann mein Zimmer,und dann kommt dein Zimmer und dann mein Zimmer,1106.55462087,1111.45178466
548,../transcriptions_annotations/r5/r5.TextGrid,A-utts,Geradeaus durch,Geradeaus durch,1112.19257378,1113.24084357
549,../transcriptions_annotations/r5/r5.TextGrid,A-utts,ist dann (das + vielleicht das),ist dann das vielleicht das,1118.09410602,1119.41075429
550,../transcriptions_annotations/r5/r5.TextGrid,A-utts,Nö,Nö,1126.66632029,1127.03853729
551,../transcriptions_annotations/r5/r5.TextGrid,A-utts,Genau,Genau,1128.27637523,1128.77843537
552,../transcriptions_annotations/r5/r5.TextGrid,A-utts,Also,Also,1130.17374766,1130.84027578
553,../transcriptions_annotations/r5/r5.TextGrid,A-utts,(Küche + {also} Flur),Küche Flur,1131.58470978,1133.0043281
554,../transcriptions_annotations/r5/r5.TextGrid,A-utts,Flur,Flur,1137.26318309,1137.86911774
555,../transcriptions_annotations/r5/r5.TextGrid,A-utts,{F Äh},,1139.36830454,1139.71456042
556,../transcriptions_annotations/r5/r5.TextGrid,A-utts,(<p='Schlafzimmer'>Sch-</p> + {F ähm} Abstellkammer),Sch- Abstellkammer,1139.71456042,1141.25535817
557,../transcriptions_annotations/r5/r5.TextGrid,A-utts,dein Zimmer,dein Zimmer,1141.82666799,1142.72691376
558,../transcriptions_annotations/r5/r5.TextGrid,A-utts,Wohnzimmer und Esszimmer,Wohnzimmer und Esszimmer,1143.93012685,1145.62674388
559,../transcriptions_annotations/r5/r5.TextGrid,A-utts,Küche,Küche,1145.70631235,1146.3988091
560,../transcriptions_annotations/r5/r5.TextGrid,A-utts,mein Zimmer,mein Zimmer,1146.75371368,1147.48083526
561,../transcriptions_annotations/r5/r5.TextGrid,A-utts,Badezimmer,Badezimmer,1147.66261566,1148.38108103
562,../transcriptions_annotations/r5/r5.TextGrid,A-utts,{X Achso} und einrichten sollen wir <v='es'>'s</v> ja auch noch,und einrichten sollen wir 's ja auch noch,1151.26359874,1152.9948406
563,../transcriptions_annotations/r5/r5.TextGrid,A-utts,{Also} ich <v='brauche'>brauch'</v> <v='eine'>'ne</v> gute Küche <v='glaube'>glaub'</v> ich,ich brauch' 'ne gute Küche glaub' ich,1159.31553599,1160.94290334
564,../transcriptions_annotations/r5/r5.TextGrid,A-utts,Aber <v='ein'>'n</v> {F äh} Ceran-Kochfeld reicht,Aber 'n Ceran-Kochfeld reicht,1161.56781301,1163.57523628
565,../transcriptions_annotations/r5/r5.TextGrid,A-utts,Ich <v='brauche'>brauch'</v> (kein + . kein ) Gas . Herd,Ich brauch' kein kein Gas Herd,1163.57523628,1165.44579478
566,../transcriptions_annotations/r5/r5.TextGrid,A-utts,Aber <v='wenn es'>wenn's</v> geht . {wenn wir fünfhunderttausend haben} . <v='können'>könn'</v> <v='wir'>wa</v> auch,Aber wenn's geht könn' wa auch,1165.79204315,1168.59665497
567,../transcriptions_annotations/r5/r5.TextGrid,A-utts,<v='Würde'>Würd'</v> ich schon sagen,Würd' ich schon sagen,1170.90086924,1171.72320913
568,../transcriptions_annotations/r5/r5.TextGrid,A-utts,<laughter/>,,1172.04348887,1173.58429413
569,../transcriptions_annotations/r5/r5.TextGrid,A-utts,Und -,Und -,1173.63623138,1173.9305425
570,../transcriptions_annotations/r5/r5.TextGrid,A-utts,<laughter/>,,1175.09913076,1176.56203013
571,../transcriptions_annotations/r5/r5.TextGrid,A-utts,Ja,Ja,1176.69187327,1176.95155955
572,../transcriptions_annotations/r5/r5.TextGrid,A-utts,Ja,Ja,1178.40746531,1178.71908885
573,../transcriptions_annotations/r5/r5.TextGrid,A-utts,Und,Und,1179.9742392,1180.26605097
574,../transcriptions_annotations/r5/r5.TextGrid,A-utts,{F Ähm},,1180.26605097,1180.82254771
575,../transcriptions_annotations/r5/r5.TextGrid,A-utts,Ja,Ja,1183.89550202,1184.11190725
576,../transcriptions_annotations/r5/r5.TextGrid,A-utts,schönen Fernseher natürlich im Wohnzimmer . also da bin ich schon -,schönen Fernseher natürlich im Wohnzimmer also da bin ich schon -,1184.55337392,1187.38561696
577,../transcriptions_annotations/r5/r5.TextGrid,A-utts,Und vielleicht (so <v='eine'>'ne</v> + ... ( so <v='eine'>'ne</v> + so <v='eine'>'ne</v>)) Art Medien-Anlage,Und vielleicht so 'ne so 'ne so 'ne Art Medien-Anlage,1189.23804576,1192.73515432
578,../transcriptions_annotations/r5/r5.TextGrid,A-utts,<v='Eine'>'Ne</v> externen Festplatte und so dass man da <v='nicht'>nich</v> immer,'Ne externen Festplatte und so dass man da nich immer,1192.89262868,1195.34233592
579,../transcriptions_annotations/r5/r5.TextGrid,A-utts,Genau,Genau,1200.82171641,1201.33243276
580,../transcriptions_annotations/r5/r5.TextGrid,A-utts,Das könnten wir eh im ganzen Haus,Das könnten wir eh im ganzen Haus,1202.04390452,1203.36100426
581,../transcriptions_annotations/r5/r5.TextGrid,A-utts,{F äh} (so + (so + {F ähm} ... {F äh} )) <v='ein'>'n</v> schönes Netzwerk aufbauen,so so 'n schönes Netzwerk aufbauen,1203.36100426,1207.67044057
582,../transcriptions_annotations/r5/r5.TextGrid,A-utts,Mhm,Mhm,1210.10449798,1210.40390832
583,../transcriptions_annotations/r5/r5.TextGrid,A-utts,Ja das <v='ist'>is'</v> mir <v='nicht'>nich</v> so wichtig aber ich {F ähm} ... schätze doch auch <v='einen'>'n</v> (guten + . guten) Sound,Ja das is' mir nich so wichtig aber ich schätze doch auch 'n guten guten Sound,1210.40390832,1215.51462881
584,../transcriptions_annotations/r5/r5.TextGrid,A-utts,Ich <v='würde'>würd'</v> mich <v='jetzt'>jetz</v> nicht <v='darum'>drum</v> kümmern aber wenn du da Bock <v='darauf'>drauf</v> hast dann kannst du,Ich würd' mich jetz nicht drum kümmern aber wenn du da Bock drauf hast dann kannst du,1215.67044057,1218.68446401
585,../transcriptions_annotations/r5/r5.TextGrid,A-utts,Mhm,Mhm,1224.86499746,1225.41033865
586,../transcriptions_annotations/r5/r5.TextGrid,A-utts,Von wegen Musik hören,Von wegen Musik hören,1226.71908885,1227.80977122
587,../transcriptions_annotations/r5/r5.TextGrid,A-utts,Das lässt sich ja alles machen,Das lässt sich ja alles machen,1234.13046661,1235.29039866
588,../transcriptions_annotations/r5/r5.TextGrid,A-utts,Ich stell mir dann (so <v='eine'>'ne</v> Art {F ähm} +  ... so <v='eine'>'ne</v> Art) {F äh} Startrek-Computer .. <english> Voice </english> <laughter> vor die man dann ansprechen kann </laughter>,Ich stell mir dann so 'ne Art so 'ne Art Startrek-Computer Voice vor die man dann ansprechen kann,1237.03895294,1246.18157257
589,../transcriptions_annotations/r5/r5.TextGrid,A-utts,Wobei da reichen dann die fünfhunderttausend <v='nicht'>nich</v> ganz für,Wobei da reichen dann die fünfhunderttausend nich ganz für,1246.18157257,1248.2504066
590,../transcriptions_annotations/r5/r5.TextGrid,A-utts,Nee,Nee,1253.86994904,1254.19022878
591,../transcriptions_annotations/r5/r5.TextGrid,A-utts,Ja ja aber {F ähm} -,Ja ja aber -,1255.40209809,1256.95155955
592,../transcriptions_annotations/r5/r5.TextGrid,A-utts,Genau,Genau,1260.90045359,1261.3678889
593,../transcriptions_annotations/r5/r5.TextGrid,A-utts,Also ich <v='höre'>hör'</v> <v='nicht'>nich</v> so viel Musik muss ich sagen,Also ich hör' nich so viel Musik muss ich sagen,1261.76607452,1263.65312816
594,../transcriptions_annotations/r5/r5.TextGrid,A-utts,Ich <v='höre'>hör'</v>  eher Radio,Ich hör' eher Radio,1263.81759613,1264.75246674
595,../transcriptions_annotations/r5/r5.TextGrid,A-utts,Also,Also,1264.96021576,1265.548838
596,../transcriptions_annotations/r5/r5.TextGrid,A-utts,Gesprochenes Radio,Gesprochenes Radio,1266.35552805,1267.3250235
597,../transcriptions_annotations/r5/r5.TextGrid,A-utts,Aber {F ähm} -,Aber -,1269.6535438,1270.52782094
598,../transcriptions_annotations/r5/r5.TextGrid,A-utts,Ja,Ja,1272.01668895,1272.31100006
599,../transcriptions_annotations/r5/r5.TextGrid,A-utts,Da kann man sich ja auch einig werden,Da kann man sich ja auch einig werden,1274.44209015,1275.9742392
600,../transcriptions_annotations/r5/r5.TextGrid,A-utts,Ja und sonst,Ja und sonst,1278.31141571,1279.23763011
601,../transcriptions_annotations/r5/r5.TextGrid,A-utts,Küche ja ganz normal,Küche ja ganz normal,1279.66178436,1280.85100854
602,../transcriptions_annotations/r5/r5.TextGrid,A-utts,Spülmaschine <v='wäre'>wär'</v> schön,Spülmaschine wär' schön,1280.85100854,1282.19106008
603,../transcriptions_annotations/r5/r5.TextGrid,A-utts,<v='Denke'>Denk'</v> ich auch,Denk' ich auch,1285.16013987,1285.90457387
604,../transcriptions_annotations/r5/r5.TextGrid,A-utts,Und -,Und -,1288.31965627,1288.8130602
605,../transcriptions_annotations/r5/r5.TextGrid,A-utts,Ja,Ja,1290.90952545,1291.29905487
606,../transcriptions_annotations/r5/r5.TextGrid,A-utts,Ja,Ja,1293.08223399,1293.40251373
607,../transcriptions_annotations/r5/r5.TextGrid,A-utts,Ja,Ja,1298.35552805,1298.79699473
608,../transcriptions_annotations/r5/r5.TextGrid,A-utts,Also,Also,1299.35099213,1299.77514638
609,../transcriptions_annotations/r5/r5.TextGrid,A-utts,<v='Denke'>Denk'</v> schon,Denk' schon,1300.27720652,1300.83120392
610,../transcriptions_annotations/r5/r5.TextGrid,A-utts,Aber die kann ja vielleicht <v='in den'>in'n</v> Keller,Aber die kann ja vielleicht in'n Keller,1300.9091098,1302.19888499
611,../transcriptions_annotations/r5/r5.TextGrid,A-utts,Ich glaube da <v='haben'>ham</v> wir eher <v='nicht'>nich</v> Platz für,Ich glaube da ham wir eher nich Platz für,1307.41158559,1309.24670197
612,../transcriptions_annotations/r5/r5.TextGrid,A-utts,Also wenn wir <v='ein'>'n</v> -,Also wenn wir 'n -,1311.77431509,1312.53606151
613,../transcriptions_annotations/r5/r5.TextGrid,A-utts,Das Haus wird ja <v='einen'>'n</v> Keller haben,Das Haus wird ja 'n Keller haben,1313.5591568,1314.89221303
614,../transcriptions_annotations/r5/r5.TextGrid,A-utts,Also okay,Also okay,1315.71455292,1316.29982104
615,../transcriptions_annotations/r5/r5.TextGrid,A-utts,Es kann auch ins Bad einfach,Es kann auch ins Bad einfach,1316.29982104,1317.60160655
616,../transcriptions_annotations/r5/r5.TextGrid,A-utts,Aber im Abstellraum,Aber im Abstellraum,1318.44991506,1319.56656606
617,../transcriptions_annotations/r5/r5.TextGrid,A-utts,Ich hab immer viel Gerümpel viel Kisten wo {F äh} . Zeug drin <v='ist'>is'</v> einfach,Ich hab immer viel Gerümpel viel Kisten wo Zeug drin is' einfach,1320.61396739,1324.26855031
618,../transcriptions_annotations/r5/r5.TextGrid,A-utts,und da sind sechs Quadratmeter schnell vollgestellt,und da sind sechs Quadratmeter schnell vollgestellt,1324.94373464,1327.17703664
619,../transcriptions_annotations/r5/r5.TextGrid,A-utts,Das hatten <v='wir'>wa</v> so wie die Küche gedacht,Das hatten wa so wie die Küche gedacht,1329.64571889,1330.99128155
620,../transcriptions_annotations/r5/r5.TextGrid,A-utts,Drei mal drei,Drei mal drei,1330.99128155,1331.67127187
621,../transcriptions_annotations/r5/r5.TextGrid,A-utts,oder zehn Quadratmeter,oder zehn Quadratmeter,1333.38520131,1334.64900787
622,../transcriptions_annotations/r5/r5.TextGrid,A-utts,Ja,Ja,1341.47176341,1341.81801178
623,../transcriptions_annotations/r5/r5.TextGrid,A-utts,Ja,Ja,1352.31965627,1352.66113322
624,../transcriptions_annotations/r5/r5.TextGrid,A-utts,Mhm ja ja,Mhm ja ja,1352.66113322,1353.15768479
625,../transcriptions_annotations/r5/r5.TextGrid,A-utts,Auf jeden Fall,Auf jeden Fall,1353.15768479,1353.81718048
626,../transcriptions_annotations/r5/r5.TextGrid,A-utts,Zehn Quadratmeter,Zehn Quadratmeter,1354.09584177,1355.20304372
627,../transcriptions_annotations/r5/r5.TextGrid,A-utts,Ja,Ja,1355.20304372,1355.44621043
628,../transcriptions_annotations/r5/r5.TextGrid,A-utts,Vielleicht sogar <v='ein'>'n</v> bisschen größer,Vielleicht sogar 'n bisschen größer,1356.75329803,1357.8353242
629,../transcriptions_annotations/r5/r5.TextGrid,A-utts,Dann muss ja nochmal mehr Gerümpel <v='hinein'>rein</v>,Dann muss ja nochmal mehr Gerümpel rein,1358.97794383,1360.6226236
630,../transcriptions_annotations/r5/r5.TextGrid,A-utts,<laughter/>,,1361.31512034,1363.40292938
631,../transcriptions_annotations/r5/r5.TextGrid,A-utts,Ja,Ja,1364.79657908,1365.03029673
632,../transcriptions_annotations/r5/r5.TextGrid,A-utts,Ja und sonst . im Wohnzimmer natürlich <v='eine'>'ne</v> schöne Sofa ... Ecke vielleicht,Ja und sonst im Wohnzimmer natürlich 'ne schöne Sofa Ecke vielleicht,1367.20300527,1371.77514638
633,../transcriptions_annotations/r5/r5.TextGrid,A-utts,Relativ niedrig,Relativ niedrig,1373.72279348,1374.80481964
634,../transcriptions_annotations/r5/r5.TextGrid,A-utts,Mit <v='einem'>'nem</v> relativ (<m='niedrigen'>niedrichen</m> + niedrigen) Tisch,Mit 'nem relativ niedrichen niedrigen Tisch,1375.63581574,1377.61808767
635,../transcriptions_annotations/r5/r5.TextGrid,A-utts,Aber der auch recht groß <v='ist'>is'</v>,Aber der auch recht groß is',1378.83161957,1380.09542613
636,../transcriptions_annotations/r5/r5.TextGrid,A-utts,Ja,Ja,1381.74876211,1382.13829153
637,../transcriptions_annotations/r5/r5.TextGrid,A-utts,genau,genau,1382.54513363,1382.99525652
638,../transcriptions_annotations/r5/r5.TextGrid,A-utts,Dass da auch mal jemand <v='darauf'>drauf</v> pennen kann oder so,Dass da auch mal jemand drauf pennen kann oder so,1384.42353105,1386.3295597
639,../transcriptions_annotations/r5/r5.TextGrid,A-utts,Oder auch mehrere,Oder auch mehrere,1386.86624467,1387.60202246
640,../transcriptions_annotations/r5/r5.TextGrid,A-utts,Und -,Und -,1389.72279375,1390.17291663
641,../transcriptions_annotations/r5/r5.TextGrid,A-utts,Ja,Ja,1393.91406165,1394.19971656
642,../transcriptions_annotations/r5/r5.TextGrid,A-utts,Und {F ähm},Und,1396.61479895,1397.27267086
643,../transcriptions_annotations/r5/r5.TextGrid,A-utts,Ja,Ja,1399.67044084,1400.06862647
644,../transcriptions_annotations/r5/r5.TextGrid,A-utts,vielleicht (<v='eine'>'ne</v> schöne + ... ( <v='so einen'>so'n</v> alten + (<v='eine'>'ne</v> + <v='eine'>'ne</v>) ) ) Eichenvitrine oder sowas (aus + aus ) {F äh} massivem Holz,vielleicht 'ne schöne so'n alten 'ne 'ne Eichenvitrine oder sowas aus aus massivem Holz,1400.26771929,1406.91735063
645,../transcriptions_annotations/r5/r5.TextGrid,A-utts,Wo wir dann so .. {F äh},Wo wir dann so,1408.01668922,1410.00000027
646,../transcriptions_annotations/r5/r5.TextGrid,A-utts,Ja,Ja,1419.34233619,1419.64530351
647,../transcriptions_annotations/r5/r5.TextGrid,A-utts,Mhm,Mhm,1430.26813493,1430.7009454
648,../transcriptions_annotations/r5/r5.TextGrid,A-utts,ja ja,ja ja,1432.11190752,1432.54498355
649,../transcriptions_annotations/r5/r5.TextGrid,A-utts,Klar,Klar,1432.54498355,1432.90827878
650,../transcriptions_annotations/r5/r5.TextGrid,A-utts,{Also} Naja,Naja,1433.01215329,1433.69484414
651,../transcriptions_annotations/r5/r5.TextGrid,A-utts,(<v='Wenn es'>Wenn's</v>+  ja wenn <v='wir'>wa</v> ) das Geld haben klar,Wenn's ja wenn wa das Geld haben klar,1433.69484414,1435.38561723
652,../transcriptions_annotations/r5/r5.TextGrid,A-utts,<laughter/>,,1436.0954264,1437.65995177
653,../transcriptions_annotations/r5/r5.TextGrid,A-utts,<v='Wenn es'>Wenn's</v> dann noch reicht sicher,Wenn's dann noch reicht sicher,1437.65995177,1439.1683807
654,../transcriptions_annotations/r5/r5.TextGrid,A-utts,Ja und sonst,Ja und sonst,1440.52740557,1441.58512569
655,../transcriptions_annotations/r5/r5.TextGrid,A-utts,Ja und <v='ein'>'n</v> Kicker <v='hätte'>hätt'</v> ich <v='nicht'>nich</v> unbedingt <v='etwas'>'was</v> gegen,Ja und 'n Kicker hätt' ich nich unbedingt 'was gegen,1441.680344,1444.0954264
656,../transcriptions_annotations/r5/r5.TextGrid,A-utts,Ja,Ja,1446.20754147,1446.47588396
657,../transcriptions_annotations/r5/r5.TextGrid,A-utts,Wenn der da noch hinpasst kann der da auch mit <v='hinein'>rein</v>,Wenn der da noch hinpasst kann der da auch mit rein,1446.76153887,1448.80440426
658,../transcriptions_annotations/r5/r5.TextGrid,A-utts,und (<v='ein'>'n</v> +) ach ja <v='ein'>'n</v> Esstisch,und 'n ach ja 'n Esstisch,1448.99484087,1450.41612179
659,../transcriptions_annotations/r5/r5.TextGrid,A-utts,Hatten wir über Esstisch? -,Hatten wir über Esstisch? -,1450.44209042,1451.36959508
660,../transcriptions_annotations/r5/r5.TextGrid,A-utts,"Ja doch das meintest du eben, ne?",Ja doch das meintest du eben ne?,1451.36959508,1452.59664269
661,../transcriptions_annotations/r5/r5.TextGrid,A-utts,Ja,Ja,1452.68126667,1452.8398604
662,../transcriptions_annotations/r5/r5.TextGrid,A-utts,Ja,Ja,1453.97382382,1454.26813493
663,../transcriptions_annotations/r5/r5.TextGrid,A-utts,Genau,Genau,1454.35469703,1454.75288266
664,../transcriptions_annotations/r5/r5.TextGrid,A-utts,Aber schon <v='ein'>'n</v> Tisch vorm Fernseher und (<v='ein'>'n</v> Tisch . vorm . + {F äh} ) <v='ein'>'n</v> Esstisch <v='einen'>'n</v> eigenen dann auch,Aber schon 'n Tisch vorm Fernseher und 'n Tisch vorm 'n Esstisch 'n eigenen dann auch,1456.88231015,1461.61891924
665,../transcriptions_annotations/r5/r5.TextGrid,A-utts,Ja,Ja,1465.41899513,1465.65271278
666,../transcriptions_annotations/r5/r5.TextGrid,A-utts,Genau,Genau,1465.7755623,1466.1477793
667,../transcriptions_annotations/r5/r5.TextGrid,A-utts,Ja,Ja,1474.83161984,1475.11727474
668,../transcriptions_annotations/r5/r5.TextGrid,A-utts,und da dann vielleicht nochmal ... <v='ein'>'n</v> Regal (oder <v='ein'>'n</v> +) oder <v='einen'>'n</v> Schrank für Geschirr wenn das in die ... (in +) in so <v='eine'>'ne</v> -,und da dann vielleicht nochmal 'n Regal oder 'n oder 'n Schrank für Geschirr wenn das in die in in so 'ne -,1475.30771135,1482.69620221
669,../transcriptions_annotations/r5/r5.TextGrid,A-utts,Also,Also,1482.69620221,1483.04802507
670,../transcriptions_annotations/r5/r5.TextGrid,A-utts,für die Glasvitrine oder (die + (den +)) den {F ähm} -,für die Glasvitrine oder die den den -,1483.30771135,1485.89042682
671,../transcriptions_annotations/r5/r5.TextGrid,A-utts,{F mh},,1486.14005427,1486.54040017
672,../transcriptions_annotations/r5/r5.TextGrid,A-utts,Also wenn,Also wenn,1486.54040017,1487.03853756
673,../transcriptions_annotations/r5/r5.TextGrid,A-utts,Ich <v='habe'>hab'</v> ja auch <v='eine'>'ne</v> Menge Bücher zum Beispiel,Ich hab' ja auch 'ne Menge Bücher zum Beispiel,1487.17703691,1489.13334022
674,../transcriptions_annotations/r5/r5.TextGrid,A-utts,Die müssen auch irgendwo hin,Die müssen auch irgendwo hin,1489.79287472,1490.78833879
675,../transcriptions_annotations/r5/r5.TextGrid,A-utts,Ja,Ja,1492.72732968,1493.09954668
676,../transcriptions_annotations/r5/r5.TextGrid,A-utts,da könnten ja so die repräsentativen Bücher könnten da hin <laughter> und der Rest kommt dann </laughter> (in {F äh} +) in unsere eigenen Zimmer,da könnten ja so die repräsentativen Bücher könnten da hin und der Rest kommt dann in in unsere eigenen Zimmer,1493.49773231,1499.97423947
677,../transcriptions_annotations/r5/r5.TextGrid,A-utts,Ja,Ja,1501.82666826,1502.15560421
678,../transcriptions_annotations/r5/r5.TextGrid,A-utts,und ja was wir (in +) in unseren Zimmern machen,und ja was wir in in unseren Zimmern machen,1503.33284868,1505.56615068
679,../transcriptions_annotations/r5/r5.TextGrid,A-utts,Bett Schreibtisch,Bett Schreibtisch,1506.58924597,1507.66261593
680,../transcriptions_annotations/r5/r5.TextGrid,A-utts,Regale,Regale,1509.96516761,1510.56244605
681,../transcriptions_annotations/r5/r5.TextGrid,A-utts,Schrank,Schrank,1510.99525652,1511.40209835
682,../transcriptions_annotations/r5/r5.TextGrid,A-utts,Kommode,Kommode,1511.48866045,1511.97340817
683,../transcriptions_annotations/r5/r5.TextGrid,A-utts,Standard halt,Standard halt,1513.03812192,1513.79121213
684,../transcriptions_annotations/r5/r5.TextGrid,A-utts,Ja,Ja,1516.9350787,1517.33326433
685,../transcriptions_annotations/r5/r5.TextGrid,A-utts,Wofür?,Wofür?,1517.49773231,1517.96516761
686,../transcriptions_annotations/r5/r5.TextGrid,A-utts,So:,So,1522.84027604,1523.39427344
687,../transcriptions_annotations/r5/r5.TextGrid,A-utts,{Achso},,1524.80523556,1525.33326433
688,../transcriptions_annotations/r5/r5.TextGrid,A-utts,"Ja sonst <v='können'>könn'</v> <v='wir'>wa</v> vielleicht auch noch <v='eine'>'ne</v> Werkstatt einbauen aber die gehört ja dann eher <v='in den'>in'n</v> Keller, ne?",Ja sonst könn' wa vielleicht auch noch 'ne Werkstatt einbauen aber die gehört ja dann eher in'n Keller ne?,1528.06862647,1531.64530351
689,../transcriptions_annotations/r5/r5.TextGrid,A-utts,Ja,Ja,1537.06409054,1537.42765133
690,../transcriptions_annotations/r5/r5.TextGrid,A-utts,Ja gut aber dein Zimmer <v='ist'>is'</v> ja auch groß genug um da auf jeden Fall kleine Sachen auch an <v='einem'>'nem</v> Extra-Tisch noch zu machen,Ja gut aber dein Zimmer is' ja auch groß genug um da auf jeden Fall kleine Sachen auch an 'nem Extra-Tisch noch zu machen,1547.74917802,1552.44084347
691,../transcriptions_annotations/r5/r5.TextGrid,A-utts,Ja,Ja,1554.56327735,1554.82296363
692,../transcriptions_annotations/r5/r5.TextGrid,A-utts,Was bastelst du dann so?,Was bastelst du dann so?,1555.65395972,1556.71867347
693,../transcriptions_annotations/r5/r5.TextGrid,A-utts,<laughter> Gut </laughter>,Gut,1560.04265784,1564.21661333
694,../transcriptions_annotations/r5/r5.TextGrid,A-utts,Okay aber schon so elektische .. Anlagen im Prinzip,Okay aber schon so elektische Anlagen im Prinzip,1564.68404863,1568.31965654
695,../transcriptions_annotations/r5/r5.TextGrid,A-utts,Ja,Ja,1569.05543433,1569.32377682
696,../transcriptions_annotations/r5/r5.TextGrid,A-utts,<v='Eine'>'Ne</v> Seifenblasen-Maschine,'Ne Seifenblasen-Maschine,1573.91323035,1574.8921956
697,../transcriptions_annotations/r5/r5.TextGrid,A-utts,Und die hat gut funktioniert?,Und die hat gut funktioniert?,1574.8921956,1575.80894019
698,../transcriptions_annotations/r5/r5.TextGrid,A-utts,Ja <laughter> schön </laughter> gut,Ja schön gut,1576.7438108,1579.93961463
699,../transcriptions_annotations/r5/r5.TextGrid,A-utts,Ja,Ja,1581.28998328,1581.60160682
700,../transcriptions_annotations/r5/r5.TextGrid,A-utts,Naja,Naja,1584.15518857,1584.65724871
701,../transcriptions_annotations/r5/r5.TextGrid,A-utts,Ja dann kannst du uns ja immer noch schöne kleine Geräte bauen,Ja dann kannst du uns ja immer noch schöne kleine Geräte bauen,1584.7541296,1587.02205644
702,../transcriptions_annotations/r5/r5.TextGrid,A-utts,So {F ähm},So,1588.41570614,1589.19476498
703,../transcriptions_annotations/r5/r5.TextGrid,A-utts,weiß ich auch nicht,weiß ich auch nicht,1590.29410356,1591.00391273
704,../transcriptions_annotations/r5/r5.TextGrid,A-utts,was da Alles gibt,was da Alles gibt,1591.85222124,1592.65724871
705,../transcriptions_annotations/r5/r5.TextGrid,A-utts,Na du wirst dann ja <laughter> sicherlich <v='irgendetwas'>irgendwas</v> erfinden </laughter>,Na du wirst dann ja sicherlich irgendwas erfinden,1593.39468909,1596.41570614
706,../transcriptions_annotations/r5/r5.TextGrid,A-utts,Ja,Ja,1597.83532447,1598.08635454
707,../transcriptions_annotations/r5/r5.TextGrid,A-utts,Ja stimmt,Ja stimmt,1599.10778724,1599.70775639
708,../transcriptions_annotations/r5/r5.TextGrid,A-utts,Genau,Genau,1599.70775639,1600.01082832
709,../transcriptions_annotations/r5/r5.TextGrid,A-utts,Was wir dann noch alles brauchen,Was wir dann noch alles brauchen,1600.01082832,1601.0970596
710,../transcriptions_annotations/r5/r5.TextGrid,A-utts,Vor allem wenn wir das Geld haben um dir das Material dann zu kaufen,Vor allem wenn wir das Geld haben um dir das Material dann zu kaufen,1601.0970596,1603.51546037
711,../transcriptions_annotations/r5/r5.TextGrid,A-utts,Ich würde sagen wir sparen auch bei der Einrichtung dass wir danach noch  <v='ein'>'n</v> bisschen Geld haben ... dass wir <v='nochmal'>nochma'</v> so gucken können,Ich würde sagen wir sparen auch bei der Einrichtung dass wir danach noch 'n bisschen Geld haben dass wir nochma' so gucken können,1604.19930091,1609.3241922
712,../transcriptions_annotations/r5/r5.TextGrid,A-utts,Obwohl wenn man so <v='eine'>'ne</v> Wohnung kauft,Obwohl wenn man so 'ne Wohnung kauft,1610.20013193,1611.56781301
713,../transcriptions_annotations/r5/r5.TextGrid,A-utts,"Zweihundert Quadratmeter <v='ist'>is'</v> das Geld schon schnell weg, ne?",Zweihundert Quadratmeter is' das Geld schon schnell weg ne?,1611.91406138,1614.32914378
714,../transcriptions_annotations/r5/r5.TextGrid,B-laughter,<laughter/>,,723.134586892,725.944173997
715,../transcriptions_annotations/r5/r5.TextGrid,B-laughter,<laughterOffset/>,,725.944173997,726.83944448
716,../transcriptions_annotations/r5/r5.TextGrid,B-laughter,<laughter/>,,768.408742758,768.934247134
717,../transcriptions_annotations/r5/r5.TextGrid,B-laughter,<laughter/>,,819.333679707,821.359232687
718,../transcriptions_annotations/r5/r5.TextGrid,B-laughter,<laughter/>,,838.96063141,840.674560855
719,../transcriptions_annotations/r5/r5.TextGrid,B-laughter,<laughter/>,,901.46310742,903.782971517
720,../transcriptions_annotations/r5/r5.TextGrid,B-laughter,<laughter/>,,945.749593402,948.242581685
721,../transcriptions_annotations/r5/r5.TextGrid,B-laughter,<laughter/>,,962.078529356,963.160331905
722,../transcriptions_annotations/r5/r5.TextGrid,B-laughter,<laughter> Okay </laughter>,Okay,963.160331905,964.08947629
723,../transcriptions_annotations/r5/r5.TextGrid,B-laughter,<laughterOffset/>,,964.08947629,964.761954244
724,../transcriptions_annotations/r5/r5.TextGrid,B-laughter,<laughter/>,,1025.38585585,1028.45033071
725,../transcriptions_annotations/r5/r5.TextGrid,B-laughter,<laughter/>,,1052.10492148,1052.3989075
726,../transcriptions_annotations/r5/r5.TextGrid,B-laughter,"<laughter> Dann könnte man vielleicht noch <v=""so einen"">so'n</v> </laughter>",Dann könnte man vielleicht noch so einen,1052.60778113,1054.75081577
727,../transcriptions_annotations/r5/r5.TextGrid,B-laughter,<laughter/>,,1171.30771108,1173.52290286
728,../transcriptions_annotations/r5/r5.TextGrid,B-laughter,<laughter> Ja </laughter>,Ja,1242.32090322,1245.75741832
729,../transcriptions_annotations/r5/r5.TextGrid,B-laughter,<laughter/>,,1360.84768504,1363.9742392
730,../transcriptions_annotations/r5/r5.TextGrid,B-laughter,<laughter/>,,1436.03483293,1437.58620337
731,../transcriptions_annotations/r5/r5.TextGrid,B-laughter,<laughterOffset/>,,1437.58620337,1438.19022905
732,../transcriptions_annotations/r5/r5.TextGrid,B-laughter,<laughter/>,,1495.53194149,1498.1441178
733,../transcriptions_annotations/r5/r5.TextGrid,B-laughter,<laughterOffset/>,,1498.1441178,1498.72774532
734,../transcriptions_annotations/r5/r5.TextGrid,B-laughter,<laughter/>,,1527.48273424,1527.79162777
735,../transcriptions_annotations/r5/r5.TextGrid,B-laughter,<laughter/>,,1560.25722295,1562.31386106
736,../transcriptions_annotations/r5/r5.TextGrid,B-laughter,<laughterOffset/>,,1562.31386106,1562.99608781
737,../transcriptions_annotations/r5/r5.TextGrid,B-laughter,<laughter/>,,1576.8390291,1578.80865587
738,../transcriptions_annotations/r5/r5.TextGrid,B-laughter,<laughterOffset/>,,1578.80865587,1579.45486691
739,../transcriptions_annotations/r5/r5.TextGrid,B-laughter,<laughter/>,,1591.21166175,1591.45403561
